Messstelle:                ;Thaua
HZB-Nummer:                ;214437
HD-Nummer:                 ;no885
DBMS-Nummer:               ;3003158
Gewässer:                  ;Thauabach
Sachgebiet:                ;OWF
Dienststelle:              ;HD-Niederösterreich
Messstellenbetreiber:      ;Hydrographischer Dienst
orogr.Einzugsgebiet [km²]: ;78,7
Pegelnullpunkt:
  gültig seit:             ;Höhe [m ü.A.]:
   01.01.2013              ;00511,23
Bundesmeldenetz(BMN)-Koordinaten:
  gültig seit:             ;Rechtswert y [m] - Hochwert x [m]:
   01.01.2013              ;676310,00 - 398284,00
Exportzeitreihe:           ;(3003158,Abfluss,I,Mit,T,1,F,Z,50,,,)
Einheit:                   ;[m³/s]
Exportzeitraum:            ;[01.01.2014 00:00,01.01.2022 00:00]
Der Intervallwert gilt bis zum nächsten Zeitpunkt mit einem Wert oder Lücke
Werte:
01.01.2014 00:00:00; 0,145
02.01.2014 00:00:00; 0,149
03.01.2014 00:00:00; 0,162
04.01.2014 00:00:00; 0,155
05.01.2014 00:00:00; 0,153
06.01.2014 00:00:00; 0,150
07.01.2014 00:00:00; 0,146
08.01.2014 00:00:00; 0,144
09.01.2014 00:00:00; 0,165
10.01.2014 00:00:00; 0,162
11.01.2014 00:00:00; 0,171
12.01.2014 00:00:00; 0,215
13.01.2014 00:00:00; 0,178
14.01.2014 00:00:00; 0,165
15.01.2014 00:00:00; 0,155
16.01.2014 00:00:00; 0,155
17.01.2014 00:00:00; 0,142
18.01.2014 00:00:00; 0,155
19.01.2014 00:00:00; 0,144
20.01.2014 00:00:00; 0,165
21.01.2014 00:00:00; 0,890
22.01.2014 00:00:00; 0,733
23.01.2014 00:00:00; 0,423
24.01.2014 00:00:00; 0,316
25.01.2014 00:00:00; 0,261
26.01.2014 00:00:00; 0,251
27.01.2014 00:00:00; 0,234
28.01.2014 00:00:00; 0,207
29.01.2014 00:00:00; 0,203
30.01.2014 00:00:00; 0,186
31.01.2014 00:00:00; 0,170
01.02.2014 00:00:00; 0,163
02.02.2014 00:00:00; 0,156
03.02.2014 00:00:00; 0,161
04.02.2014 00:00:00; 0,156
05.02.2014 00:00:00; 0,150
06.02.2014 00:00:00; 0,139
07.02.2014 00:00:00; 0,166
08.02.2014 00:00:00; 0,173
09.02.2014 00:00:00; 0,349
10.02.2014 00:00:00; 0,333
11.02.2014 00:00:00; 0,351
12.02.2014 00:00:00; 0,373
13.02.2014 00:00:00; 0,292
14.02.2014 00:00:00; 0,258
15.02.2014 00:00:00; 0,245
16.02.2014 00:00:00; 0,227
17.02.2014 00:00:00; 0,224
18.02.2014 00:00:00; 0,230
19.02.2014 00:00:00; 0,225
20.02.2014 00:00:00; 0,215
21.02.2014 00:00:00; 0,207
22.02.2014 00:00:00; 0,306
23.02.2014 00:00:00; 0,236
24.02.2014 00:00:00; 0,206
25.02.2014 00:00:00; 0,199
26.02.2014 00:00:00; 0,199
27.02.2014 00:00:00; 0,185
28.02.2014 00:00:00; 0,184
01.03.2014 00:00:00; 0,182
02.03.2014 00:00:00; 0,169
03.03.2014 00:00:00; 0,186
04.03.2014 00:00:00; 0,176
05.03.2014 00:00:00; 0,167
06.03.2014 00:00:00; 0,165
07.03.2014 00:00:00; 0,160
08.03.2014 00:00:00; 0,155
09.03.2014 00:00:00; 0,149
10.03.2014 00:00:00; 0,156
11.03.2014 00:00:00; 0,143
12.03.2014 00:00:00; 0,142
13.03.2014 00:00:00; 0,135
14.03.2014 00:00:00; 0,128
15.03.2014 00:00:00; 0,167
16.03.2014 00:00:00; 0,180
17.03.2014 00:00:00; 0,138
18.03.2014 00:00:00; 0,130
19.03.2014 00:00:00; 0,142
20.03.2014 00:00:00; 0,128
21.03.2014 00:00:00; 0,124
22.03.2014 00:00:00; 0,121
23.03.2014 00:00:00; 0,216
24.03.2014 00:00:00; 0,321
25.03.2014 00:00:00; 0,243
26.03.2014 00:00:00; 0,213
27.03.2014 00:00:00; 0,168
28.03.2014 00:00:00; 0,155
29.03.2014 00:00:00; 0,221
30.03.2014 00:00:00; 0,209
31.03.2014 00:00:00; 0,154
01.04.2014 00:00:00; 0,137
02.04.2014 00:00:00; 0,140
03.04.2014 00:00:00; 0,119
04.04.2014 00:00:00; 0,114
05.04.2014 00:00:00; 0,134
06.04.2014 00:00:00; 0,119
07.04.2014 00:00:00; 0,106
08.04.2014 00:00:00; 0,102
09.04.2014 00:00:00; 0,109
10.04.2014 00:00:00; 0,148
11.04.2014 00:00:00; 0,134
12.04.2014 00:00:00; 0,112
13.04.2014 00:00:00; 0,143
14.04.2014 00:00:00; 0,155
15.04.2014 00:00:00; 0,217
16.04.2014 00:00:00; 0,174
17.04.2014 00:00:00; 0,152
18.04.2014 00:00:00; 0,142
19.04.2014 00:00:00; 0,133
20.04.2014 00:00:00; 0,123
21.04.2014 00:00:00; 0,121
22.04.2014 00:00:00; 0,117
23.04.2014 00:00:00; 0,102
24.04.2014 00:00:00; 0,126
25.04.2014 00:00:00; 0,172
26.04.2014 00:00:00; 0,114
27.04.2014 00:00:00; 0,106
28.04.2014 00:00:00; 0,114
29.04.2014 00:00:00; 0,152
30.04.2014 00:00:00; 0,117
01.05.2014 00:00:00; 0,113
02.05.2014 00:00:00; 0,111
03.05.2014 00:00:00; 0,143
04.05.2014 00:00:00; 0,138
05.05.2014 00:00:00; 0,129
06.05.2014 00:00:00; 0,112
07.05.2014 00:00:00; 0,117
08.05.2014 00:00:00; 0,118
09.05.2014 00:00:00; 0,114
10.05.2014 00:00:00; 0,111
11.05.2014 00:00:00; 0,193
12.05.2014 00:00:00; 0,260
13.05.2014 00:00:00; 0,170
14.05.2014 00:00:00; 0,152
15.05.2014 00:00:00; 0,149
16.05.2014 00:00:00; 0,638
17.05.2014 00:00:00;  1,28
18.05.2014 00:00:00;  4,11
19.05.2014 00:00:00;  2,41
20.05.2014 00:00:00; 0,739
21.05.2014 00:00:00; 0,365
22.05.2014 00:00:00; 0,172
23.05.2014 00:00:00;  2,45
24.05.2014 00:00:00;  4,56
25.05.2014 00:00:00;  1,01
26.05.2014 00:00:00; 0,291
27.05.2014 00:00:00;  1,83
28.05.2014 00:00:00;  6,43
29.05.2014 00:00:00;  2,84
30.05.2014 00:00:00;  3,00
31.05.2014 00:00:00;  1,33
01.06.2014 00:00:00; 0,841
02.06.2014 00:00:00; 0,599
03.06.2014 00:00:00; 0,466
04.06.2014 00:00:00; 0,370
05.06.2014 00:00:00; 0,309
06.06.2014 00:00:00; 0,253
07.06.2014 00:00:00; 0,229
08.06.2014 00:00:00; 0,203
09.06.2014 00:00:00; 0,174
10.06.2014 00:00:00; 0,151
11.06.2014 00:00:00; 0,179
12.06.2014 00:00:00; 0,234
13.06.2014 00:00:00; 0,158
14.06.2014 00:00:00; 0,141
15.06.2014 00:00:00; 0,132
16.06.2014 00:00:00; 0,129
17.06.2014 00:00:00; 0,131
18.06.2014 00:00:00; 0,132
19.06.2014 00:00:00; 0,133
20.06.2014 00:00:00; 0,125
21.06.2014 00:00:00; 0,117
22.06.2014 00:00:00; 0,108
23.06.2014 00:00:00; 0,100
24.06.2014 00:00:00; 0,096
25.06.2014 00:00:00; 0,093
26.06.2014 00:00:00; 0,090
27.06.2014 00:00:00; 0,087
28.06.2014 00:00:00; 0,084
29.06.2014 00:00:00; 0,117
30.06.2014 00:00:00; 0,224
01.07.2014 00:00:00; 0,220
02.07.2014 00:00:00; 0,122
03.07.2014 00:00:00; 0,119
04.07.2014 00:00:00; 0,102
05.07.2014 00:00:00; 0,102
06.07.2014 00:00:00; 0,094
07.07.2014 00:00:00; 0,086
08.07.2014 00:00:00; 0,080
09.07.2014 00:00:00; 0,107
10.07.2014 00:00:00; 0,090
11.07.2014 00:00:00; 0,102
12.07.2014 00:00:00; 0,138
13.07.2014 00:00:00; 0,127
14.07.2014 00:00:00; 0,130
15.07.2014 00:00:00; 0,091
16.07.2014 00:00:00; 0,090
17.07.2014 00:00:00; 0,089
18.07.2014 00:00:00; 0,089
19.07.2014 00:00:00; 0,094
20.07.2014 00:00:00; 0,092
21.07.2014 00:00:00; 0,371
22.07.2014 00:00:00; 0,566
23.07.2014 00:00:00; 0,275
24.07.2014 00:00:00; 0,234
25.07.2014 00:00:00; 0,154
26.07.2014 00:00:00; 0,138
27.07.2014 00:00:00; 0,180
28.07.2014 00:00:00; 0,146
29.07.2014 00:00:00; 0,120
30.07.2014 00:00:00; 0,109
31.07.2014 00:00:00; 0,312
01.08.2014 00:00:00; 0,161
02.08.2014 00:00:00; 0,131
03.08.2014 00:00:00; 0,659
04.08.2014 00:00:00;  1,33
05.08.2014 00:00:00; 0,407
06.08.2014 00:00:00; 0,233
07.08.2014 00:00:00; 0,176
08.08.2014 00:00:00; 0,151
09.08.2014 00:00:00; 0,238
10.08.2014 00:00:00; 0,201
11.08.2014 00:00:00; 0,122
12.08.2014 00:00:00; 0,191
13.08.2014 00:00:00; 0,207
14.08.2014 00:00:00; 0,291
15.08.2014 00:00:00; 0,167
16.08.2014 00:00:00; 0,123
17.08.2014 00:00:00; 0,115
18.08.2014 00:00:00; 0,113
19.08.2014 00:00:00; 0,238
20.08.2014 00:00:00; 0,157
21.08.2014 00:00:00; 0,151
22.08.2014 00:00:00; 0,151
23.08.2014 00:00:00; 0,136
24.08.2014 00:00:00; 0,181
25.08.2014 00:00:00; 0,121
26.08.2014 00:00:00; 0,163
27.08.2014 00:00:00;  1,14
28.08.2014 00:00:00; 0,418
29.08.2014 00:00:00; 0,223
30.08.2014 00:00:00; 0,181
31.08.2014 00:00:00; 0,185
01.09.2014 00:00:00;  1,13
02.09.2014 00:00:00;  1,49
03.09.2014 00:00:00;  1,57
04.09.2014 00:00:00; 0,739
05.09.2014 00:00:00; 0,468
06.09.2014 00:00:00; 0,354
07.09.2014 00:00:00; 0,297
08.09.2014 00:00:00; 0,259
09.09.2014 00:00:00; 0,254
10.09.2014 00:00:00; 0,245
11.09.2014 00:00:00; 0,277
12.09.2014 00:00:00;  1,65
13.09.2014 00:00:00;  1,76
14.09.2014 00:00:00;  3,93
15.09.2014 00:00:00;  1,45
16.09.2014 00:00:00; 0,855
17.09.2014 00:00:00; 0,572
18.09.2014 00:00:00; 0,430
19.09.2014 00:00:00; 0,375
20.09.2014 00:00:00; 0,311
21.09.2014 00:00:00; 0,356
22.09.2014 00:00:00; 0,377
23.09.2014 00:00:00; 0,506
24.09.2014 00:00:00; 0,402
25.09.2014 00:00:00; 0,364
26.09.2014 00:00:00; 0,330
27.09.2014 00:00:00; 0,301
28.09.2014 00:00:00; 0,280
29.09.2014 00:00:00; 0,273
30.09.2014 00:00:00; 0,302
01.10.2014 00:00:00; 0,820
02.10.2014 00:00:00; 0,853
03.10.2014 00:00:00; 0,653
04.10.2014 00:00:00; 0,507
05.10.2014 00:00:00; 0,317
06.10.2014 00:00:00; 0,282
07.10.2014 00:00:00; 0,249
08.10.2014 00:00:00; 0,244
09.10.2014 00:00:00; 0,379
10.10.2014 00:00:00; 0,366
11.10.2014 00:00:00; 0,269
12.10.2014 00:00:00; 0,244
13.10.2014 00:00:00; 0,322
14.10.2014 00:00:00; 0,333
15.10.2014 00:00:00; 0,351
16.10.2014 00:00:00; 0,318
17.10.2014 00:00:00; 0,496
18.10.2014 00:00:00; 0,468
19.10.2014 00:00:00; 0,318
20.10.2014 00:00:00; 0,246
21.10.2014 00:00:00; 0,390
22.10.2014 00:00:00; 0,485
23.10.2014 00:00:00;  2,66
24.10.2014 00:00:00;  1,12
25.10.2014 00:00:00; 0,589
26.10.2014 00:00:00; 0,445
27.10.2014 00:00:00; 0,394
28.10.2014 00:00:00; 0,366
29.10.2014 00:00:00; 0,344
30.10.2014 00:00:00; 0,314
31.10.2014 00:00:00; 0,302
01.11.2014 00:00:00; 0,278
02.11.2014 00:00:00; 0,303
03.11.2014 00:00:00; 0,333
04.11.2014 00:00:00; 0,342
05.11.2014 00:00:00; 0,302
06.11.2014 00:00:00; 0,270
07.11.2014 00:00:00; 0,279
08.11.2014 00:00:00; 0,403
09.11.2014 00:00:00; 0,381
10.11.2014 00:00:00; 0,318
11.11.2014 00:00:00; 0,282
12.11.2014 00:00:00; 0,274
13.11.2014 00:00:00; 0,263
14.11.2014 00:00:00; 0,259
15.11.2014 00:00:00; 0,250
16.11.2014 00:00:00; 0,231
17.11.2014 00:00:00; 0,236
18.11.2014 00:00:00;  1,09
19.11.2014 00:00:00; 0,855
20.11.2014 00:00:00; 0,510
21.11.2014 00:00:00; 0,406
22.11.2014 00:00:00; 0,358
23.11.2014 00:00:00; 0,326
24.11.2014 00:00:00; 0,315
25.11.2014 00:00:00; 0,304
26.11.2014 00:00:00; 0,296
27.11.2014 00:00:00; 0,301
28.11.2014 00:00:00; 0,313
29.11.2014 00:00:00; 0,322
30.11.2014 00:00:00; 0,335
01.12.2014 00:00:00; 0,325
02.12.2014 00:00:00; 0,302
03.12.2014 00:00:00; 0,350
04.12.2014 00:00:00; 0,941
05.12.2014 00:00:00; 0,643
06.12.2014 00:00:00; 0,561
07.12.2014 00:00:00;  1,22
08.12.2014 00:00:00;  1,40
09.12.2014 00:00:00; 0,766
10.12.2014 00:00:00; 0,559
11.12.2014 00:00:00; 0,466
12.12.2014 00:00:00; 0,426
13.12.2014 00:00:00; 0,392
14.12.2014 00:00:00; 0,365
15.12.2014 00:00:00; 0,352
16.12.2014 00:00:00; 0,347
17.12.2014 00:00:00; 0,357
18.12.2014 00:00:00; 0,322
19.12.2014 00:00:00; 0,282
20.12.2014 00:00:00; 0,384
21.12.2014 00:00:00; 0,357
22.12.2014 00:00:00; 0,309
23.12.2014 00:00:00; 0,273
24.12.2014 00:00:00; 0,269
25.12.2014 00:00:00; 0,263
26.12.2014 00:00:00; 0,274
27.12.2014 00:00:00; 0,282
28.12.2014 00:00:00; 0,236
29.12.2014 00:00:00; 0,226
30.12.2014 00:00:00; 0,211
31.12.2014 00:00:00; 0,204
01.01.2015 00:00:00; 0,229
02.01.2015 00:00:00; 0,280
03.01.2015 00:00:00; 0,395
04.01.2015 00:00:00; 0,358
05.01.2015 00:00:00; 0,325
06.01.2015 00:00:00; 0,310
07.01.2015 00:00:00; 0,317
08.01.2015 00:00:00; 0,301
09.01.2015 00:00:00;  1,07
10.01.2015 00:00:00;  5,06
11.01.2015 00:00:00;  2,34
12.01.2015 00:00:00;  1,22
13.01.2015 00:00:00; 0,821
14.01.2015 00:00:00; 0,629
15.01.2015 00:00:00; 0,559
16.01.2015 00:00:00; 0,509
17.01.2015 00:00:00; 0,497
18.01.2015 00:00:00; 0,588
19.01.2015 00:00:00; 0,625
20.01.2015 00:00:00; 0,530
21.01.2015 00:00:00; 0,472
22.01.2015 00:00:00; 0,467
23.01.2015 00:00:00; 0,572
24.01.2015 00:00:00; 0,609
25.01.2015 00:00:00; 0,470
26.01.2015 00:00:00; 0,417
27.01.2015 00:00:00; 0,407
28.01.2015 00:00:00; 0,386
29.01.2015 00:00:00; 0,391
30.01.2015 00:00:00; 0,390
31.01.2015 00:00:00; 0,355
01.02.2015 00:00:00; 0,311
02.02.2015 00:00:00; 0,297
03.02.2015 00:00:00; 0,269
04.02.2015 00:00:00; 0,272
05.02.2015 00:00:00; 0,254
06.02.2015 00:00:00; 0,243
07.02.2015 00:00:00; 0,236
08.02.2015 00:00:00; 0,238
09.02.2015 00:00:00; 0,266
10.02.2015 00:00:00; 0,238
11.02.2015 00:00:00; 0,267
12.02.2015 00:00:00; 0,262
13.02.2015 00:00:00; 0,262
14.02.2015 00:00:00; 0,258
15.02.2015 00:00:00; 0,232
16.02.2015 00:00:00; 0,249
17.02.2015 00:00:00; 0,292
18.02.2015 00:00:00; 0,254
19.02.2015 00:00:00; 0,244
20.02.2015 00:00:00; 0,277
21.02.2015 00:00:00; 0,375
22.02.2015 00:00:00; 0,374
23.02.2015 00:00:00; 0,439
24.02.2015 00:00:00; 0,775
25.02.2015 00:00:00; 0,848
26.02.2015 00:00:00; 0,599
27.02.2015 00:00:00; 0,468
28.02.2015 00:00:00; 0,411
01.03.2015 00:00:00; 0,376
02.03.2015 00:00:00; 0,526
03.03.2015 00:00:00; 0,555
04.03.2015 00:00:00; 0,401
05.03.2015 00:00:00; 0,351
06.03.2015 00:00:00; 0,309
07.03.2015 00:00:00; 0,305
08.03.2015 00:00:00; 0,295
09.03.2015 00:00:00; 0,283
10.03.2015 00:00:00; 0,255
11.03.2015 00:00:00; 0,342
12.03.2015 00:00:00; 0,329
13.03.2015 00:00:00; 0,268
14.03.2015 00:00:00; 0,234
15.03.2015 00:00:00; 0,232
16.03.2015 00:00:00; 0,200
17.03.2015 00:00:00; 0,170
18.03.2015 00:00:00; 0,162
19.03.2015 00:00:00; 0,153
20.03.2015 00:00:00; 0,147
21.03.2015 00:00:00; 0,129
22.03.2015 00:00:00; 0,148
23.03.2015 00:00:00; 0,135
24.03.2015 00:00:00; 0,115
25.03.2015 00:00:00; 0,114
26.03.2015 00:00:00; 0,101
27.03.2015 00:00:00; 0,153
28.03.2015 00:00:00; 0,130
29.03.2015 00:00:00; 0,114
30.03.2015 00:00:00; 0,180
31.03.2015 00:00:00; 0,239
01.04.2015 00:00:00; 0,283
02.04.2015 00:00:00; 0,263
03.04.2015 00:00:00; 0,218
04.04.2015 00:00:00; 0,174
05.04.2015 00:00:00; 0,186
06.04.2015 00:00:00; 0,196
07.04.2015 00:00:00; 0,189
08.04.2015 00:00:00; 0,214
09.04.2015 00:00:00; 0,266
10.04.2015 00:00:00; 0,257
11.04.2015 00:00:00; 0,246
12.04.2015 00:00:00; 0,274
13.04.2015 00:00:00; 0,270
14.04.2015 00:00:00; 0,269
15.04.2015 00:00:00; 0,251
16.04.2015 00:00:00; 0,237
17.04.2015 00:00:00; 0,264
18.04.2015 00:00:00; 0,331
19.04.2015 00:00:00; 0,304
20.04.2015 00:00:00; 0,233
21.04.2015 00:00:00; 0,211
22.04.2015 00:00:00; 0,195
23.04.2015 00:00:00; 0,193
24.04.2015 00:00:00; 0,191
25.04.2015 00:00:00; 0,189
26.04.2015 00:00:00; 0,192
27.04.2015 00:00:00; 0,195
28.04.2015 00:00:00; 0,187
29.04.2015 00:00:00; 0,179
30.04.2015 00:00:00; 0,174
01.05.2015 00:00:00; 0,223
02.05.2015 00:00:00; 0,381
03.05.2015 00:00:00; 0,399
04.05.2015 00:00:00; 0,328
05.05.2015 00:00:00; 0,296
06.05.2015 00:00:00; 0,343
07.05.2015 00:00:00; 0,303
08.05.2015 00:00:00; 0,231
09.05.2015 00:00:00; 0,209
10.05.2015 00:00:00; 0,180
11.05.2015 00:00:00; 0,163
12.05.2015 00:00:00; 0,145
13.05.2015 00:00:00; 0,124
14.05.2015 00:00:00; 0,125
15.05.2015 00:00:00; 0,131
16.05.2015 00:00:00; 0,108
17.05.2015 00:00:00; 0,102
18.05.2015 00:00:00; 0,091
19.05.2015 00:00:00; 0,099
20.05.2015 00:00:00; 0,161
21.05.2015 00:00:00; 0,191
22.05.2015 00:00:00; 0,146
23.05.2015 00:00:00; 0,284
24.05.2015 00:00:00;  1,24
25.05.2015 00:00:00; 0,421
26.05.2015 00:00:00; 0,275
27.05.2015 00:00:00; 0,231
28.05.2015 00:00:00; 0,181
29.05.2015 00:00:00; 0,168
30.05.2015 00:00:00; 0,161
31.05.2015 00:00:00; 0,159
01.06.2015 00:00:00; 0,152
02.06.2015 00:00:00; 0,135
03.06.2015 00:00:00; 0,117
04.06.2015 00:00:00; 0,104
05.06.2015 00:00:00; 0,102
06.06.2015 00:00:00; 0,096
07.06.2015 00:00:00; 0,080
08.06.2015 00:00:00; 0,073
09.06.2015 00:00:00; 0,056
10.06.2015 00:00:00; 0,046
11.06.2015 00:00:00; 0,047
12.06.2015 00:00:00; 0,049
13.06.2015 00:00:00; 0,057
14.06.2015 00:00:00; 0,104
15.06.2015 00:00:00; 0,099
16.06.2015 00:00:00; 0,083
17.06.2015 00:00:00; 0,107
18.06.2015 00:00:00; 0,105
19.06.2015 00:00:00; 0,143
20.06.2015 00:00:00; 0,153
21.06.2015 00:00:00; 0,137
22.06.2015 00:00:00; 0,138
23.06.2015 00:00:00; 0,203
24.06.2015 00:00:00; 0,144
25.06.2015 00:00:00; 0,140
26.06.2015 00:00:00; 0,121
27.06.2015 00:00:00; 0,102
28.06.2015 00:00:00; 0,148
29.06.2015 00:00:00; 0,136
30.06.2015 00:00:00; 0,124
01.07.2015 00:00:00; 0,112
02.07.2015 00:00:00; 0,100
03.07.2015 00:00:00; 0,089
04.07.2015 00:00:00; 0,081
05.07.2015 00:00:00; 0,073
06.07.2015 00:00:00; 0,064
07.07.2015 00:00:00; 0,056
08.07.2015 00:00:00; 0,125
09.07.2015 00:00:00; 0,135
10.07.2015 00:00:00; 0,098
11.07.2015 00:00:00; 0,091
12.07.2015 00:00:00; 0,084
13.07.2015 00:00:00; 0,077
14.07.2015 00:00:00; 0,074
15.07.2015 00:00:00; 0,078
16.07.2015 00:00:00; 0,056
17.07.2015 00:00:00; 0,045
18.07.2015 00:00:00; 0,035
19.07.2015 00:00:00; 0,025
20.07.2015 00:00:00; 0,018
21.07.2015 00:00:00; 0,016
22.07.2015 00:00:00; 0,015
23.07.2015 00:00:00; 0,014
24.07.2015 00:00:00; 0,014
25.07.2015 00:00:00; 0,014
26.07.2015 00:00:00; 0,030
27.07.2015 00:00:00; 0,024
28.07.2015 00:00:00; 0,031
29.07.2015 00:00:00; 0,036
30.07.2015 00:00:00; 0,033
31.07.2015 00:00:00; 0,030
01.08.2015 00:00:00; 0,026
02.08.2015 00:00:00; 0,025
03.08.2015 00:00:00; 0,035
04.08.2015 00:00:00; 0,024
05.08.2015 00:00:00; 0,015
06.08.2015 00:00:00; 0,014
07.08.2015 00:00:00; 0,014
08.08.2015 00:00:00; 0,013
09.08.2015 00:00:00; 0,013
10.08.2015 00:00:00; 0,012
11.08.2015 00:00:00; 0,012
12.08.2015 00:00:00; 0,012
13.08.2015 00:00:00; 0,012
14.08.2015 00:00:00; 0,012
15.08.2015 00:00:00; 0,013
16.08.2015 00:00:00; 0,050
17.08.2015 00:00:00; 0,453
18.08.2015 00:00:00; 0,196
19.08.2015 00:00:00; 0,111
20.08.2015 00:00:00; 0,153
21.08.2015 00:00:00; 0,104
22.08.2015 00:00:00; 0,083
23.08.2015 00:00:00; 0,074
24.08.2015 00:00:00; 0,065
25.08.2015 00:00:00; 0,062
26.08.2015 00:00:00; 0,067
27.08.2015 00:00:00; 0,063
28.08.2015 00:00:00; 0,058
29.08.2015 00:00:00; 0,054
30.08.2015 00:00:00; 0,049
31.08.2015 00:00:00; 0,044
01.09.2015 00:00:00; 0,040
02.09.2015 00:00:00; 0,041
03.09.2015 00:00:00; 0,069
04.09.2015 00:00:00; 0,162
05.09.2015 00:00:00; 0,090
06.09.2015 00:00:00; 0,075
07.09.2015 00:00:00; 0,072
08.09.2015 00:00:00; 0,075
09.09.2015 00:00:00; 0,098
10.09.2015 00:00:00; 0,114
11.09.2015 00:00:00; 0,077
12.09.2015 00:00:00; 0,058
13.09.2015 00:00:00; 0,059
14.09.2015 00:00:00; 0,072
15.09.2015 00:00:00; 0,096
16.09.2015 00:00:00; 0,066
17.09.2015 00:00:00; 0,053
18.09.2015 00:00:00; 0,059
19.09.2015 00:00:00; 0,066
20.09.2015 00:00:00; 0,067
21.09.2015 00:00:00; 0,069
22.09.2015 00:00:00; 0,067
23.09.2015 00:00:00; 0,075
24.09.2015 00:00:00; 0,081
25.09.2015 00:00:00; 0,065
26.09.2015 00:00:00; 0,058
27.09.2015 00:00:00; 0,056
28.09.2015 00:00:00; 0,051
29.09.2015 00:00:00; 0,061
30.09.2015 00:00:00; 0,105
01.10.2015 00:00:00; 0,153
02.10.2015 00:00:00; 0,390
03.10.2015 00:00:00; 0,342
04.10.2015 00:00:00; 0,306
05.10.2015 00:00:00; 0,128
06.10.2015 00:00:00; 0,082
07.10.2015 00:00:00; 0,074
08.10.2015 00:00:00; 0,211
09.10.2015 00:00:00; 0,245
10.10.2015 00:00:00; 0,131
11.10.2015 00:00:00; 0,117
12.10.2015 00:00:00; 0,106
13.10.2015 00:00:00; 0,118
14.10.2015 00:00:00; 0,228
15.10.2015 00:00:00; 0,265
16.10.2015 00:00:00; 0,353
17.10.2015 00:00:00; 0,440
18.10.2015 00:00:00; 0,229
19.10.2015 00:00:00; 0,221
20.10.2015 00:00:00; 0,653
21.10.2015 00:00:00; 0,303
22.10.2015 00:00:00; 0,231
23.10.2015 00:00:00; 0,181
24.10.2015 00:00:00; 0,162
25.10.2015 00:00:00; 0,139
26.10.2015 00:00:00; 0,229
27.10.2015 00:00:00; 0,217
28.10.2015 00:00:00; 0,218
29.10.2015 00:00:00; 0,213
30.10.2015 00:00:00; 0,186
31.10.2015 00:00:00; 0,124
01.11.2015 00:00:00; 0,115
02.11.2015 00:00:00; 0,142
03.11.2015 00:00:00; 0,148
04.11.2015 00:00:00; 0,146
05.11.2015 00:00:00; 0,139
06.11.2015 00:00:00; 0,125
07.11.2015 00:00:00; 0,110
08.11.2015 00:00:00; 0,122
09.11.2015 00:00:00; 0,122
10.11.2015 00:00:00; 0,114
11.11.2015 00:00:00; 0,108
12.11.2015 00:00:00; 0,115
13.11.2015 00:00:00; 0,122
14.11.2015 00:00:00; 0,120
15.11.2015 00:00:00; 0,185
16.11.2015 00:00:00; 0,249
17.11.2015 00:00:00; 0,158
18.11.2015 00:00:00; 0,108
19.11.2015 00:00:00; 0,094
20.11.2015 00:00:00; 0,446
21.11.2015 00:00:00;  1,23
22.11.2015 00:00:00; 0,485
23.11.2015 00:00:00; 0,327
24.11.2015 00:00:00; 0,281
25.11.2015 00:00:00; 0,270
26.11.2015 00:00:00; 0,242
27.11.2015 00:00:00; 0,217
28.11.2015 00:00:00; 0,207
29.11.2015 00:00:00; 0,190
30.11.2015 00:00:00; 0,286
01.12.2015 00:00:00; 0,703
02.12.2015 00:00:00;  1,08
03.12.2015 00:00:00; 0,564
04.12.2015 00:00:00; 0,408
05.12.2015 00:00:00; 0,326
06.12.2015 00:00:00; 0,323
07.12.2015 00:00:00; 0,276
08.12.2015 00:00:00; 0,272
09.12.2015 00:00:00; 0,274
10.12.2015 00:00:00; 0,371
11.12.2015 00:00:00; 0,343
12.12.2015 00:00:00; 0,283
13.12.2015 00:00:00; 0,261
14.12.2015 00:00:00; 0,239
15.12.2015 00:00:00; 0,225
16.12.2015 00:00:00; 0,218
17.12.2015 00:00:00; 0,204
18.12.2015 00:00:00; 0,184
19.12.2015 00:00:00; 0,212
20.12.2015 00:00:00; 0,213
21.12.2015 00:00:00; 0,212
22.12.2015 00:00:00; 0,181
23.12.2015 00:00:00; 0,190
24.12.2015 00:00:00; 0,180
25.12.2015 00:00:00; 0,177
26.12.2015 00:00:00; 0,163
27.12.2015 00:00:00; 0,171
28.12.2015 00:00:00; 0,171
29.12.2015 00:00:00; 0,170
30.12.2015 00:00:00; 0,185
31.12.2015 00:00:00; 0,179
01.01.2016 00:00:00; 0,160
02.01.2016 00:00:00; 0,179
03.01.2016 00:00:00; 0,177
04.01.2016 00:00:00; 0,160
05.01.2016 00:00:00; 0,155
06.01.2016 00:00:00; 0,085
07.01.2016 00:00:00; 0,147
08.01.2016 00:00:00; 0,147
09.01.2016 00:00:00; 0,168
10.01.2016 00:00:00; 0,164
11.01.2016 00:00:00; 0,156
12.01.2016 00:00:00; 0,161
13.01.2016 00:00:00; 0,194
14.01.2016 00:00:00; 0,196
15.01.2016 00:00:00; 0,194
16.01.2016 00:00:00; 0,190
17.01.2016 00:00:00; 0,179
18.01.2016 00:00:00; 0,124
19.01.2016 00:00:00; 0,086
20.01.2016 00:00:00; 0,062
21.01.2016 00:00:00; 0,070
22.01.2016 00:00:00; 0,087
23.01.2016 00:00:00; 0,124
24.01.2016 00:00:00; 0,164
25.01.2016 00:00:00; 0,190
26.01.2016 00:00:00; 0,249
27.01.2016 00:00:00; 0,371
28.01.2016 00:00:00; 0,370
29.01.2016 00:00:00; 0,619
30.01.2016 00:00:00; 0,452
31.01.2016 00:00:00; 0,423
01.02.2016 00:00:00; 0,951
02.02.2016 00:00:00; 0,789
03.02.2016 00:00:00; 0,587
04.02.2016 00:00:00; 0,538
05.02.2016 00:00:00; 0,464
06.02.2016 00:00:00; 0,399
07.02.2016 00:00:00; 0,407
08.02.2016 00:00:00; 0,392
09.02.2016 00:00:00; 0,399
10.02.2016 00:00:00; 0,445
11.02.2016 00:00:00; 0,438
12.02.2016 00:00:00; 0,364
13.02.2016 00:00:00; 0,333
14.02.2016 00:00:00; 0,326
15.02.2016 00:00:00; 0,318
16.02.2016 00:00:00; 0,301
17.02.2016 00:00:00; 0,295
18.02.2016 00:00:00; 0,310
19.02.2016 00:00:00; 0,349
20.02.2016 00:00:00; 0,317
21.02.2016 00:00:00; 0,319
22.02.2016 00:00:00; 0,309
23.02.2016 00:00:00; 0,313
24.02.2016 00:00:00; 0,393
25.02.2016 00:00:00; 0,387
26.02.2016 00:00:00; 0,360
27.02.2016 00:00:00; 0,348
28.02.2016 00:00:00; 0,342
29.02.2016 00:00:00; 0,615
01.03.2016 00:00:00; 0,952
02.03.2016 00:00:00; 0,692
03.03.2016 00:00:00; 0,786
04.03.2016 00:00:00; 0,733
05.03.2016 00:00:00; 0,710
06.03.2016 00:00:00; 0,603
07.03.2016 00:00:00; 0,554
08.03.2016 00:00:00; 0,562
09.03.2016 00:00:00; 0,527
10.03.2016 00:00:00; 0,476
11.03.2016 00:00:00; 0,439
12.03.2016 00:00:00; 0,395
13.03.2016 00:00:00; 0,367
14.03.2016 00:00:00; 0,373
15.03.2016 00:00:00; 0,371
16.03.2016 00:00:00; 0,408
17.03.2016 00:00:00; 0,496
18.03.2016 00:00:00; 0,531
19.03.2016 00:00:00; 0,449
20.03.2016 00:00:00; 0,378
21.03.2016 00:00:00; 0,347
22.03.2016 00:00:00; 0,377
23.03.2016 00:00:00; 0,377
24.03.2016 00:00:00; 0,378
25.03.2016 00:00:00; 0,353
26.03.2016 00:00:00; 0,404
27.03.2016 00:00:00; 0,365
28.03.2016 00:00:00; 0,333
29.03.2016 00:00:00; 0,310
30.03.2016 00:00:00; 0,353
31.03.2016 00:00:00; 0,398
01.04.2016 00:00:00; 0,250
02.04.2016 00:00:00; 0,208
03.04.2016 00:00:00; 0,178
04.04.2016 00:00:00; 0,167
05.04.2016 00:00:00; 0,163
06.04.2016 00:00:00; 0,181
07.04.2016 00:00:00; 0,254
08.04.2016 00:00:00; 0,596
09.04.2016 00:00:00;  1,40
10.04.2016 00:00:00; 0,730
11.04.2016 00:00:00; 0,498
12.04.2016 00:00:00; 0,382
13.04.2016 00:00:00; 0,325
14.04.2016 00:00:00; 0,325
15.04.2016 00:00:00; 0,305
16.04.2016 00:00:00; 0,264
17.04.2016 00:00:00; 0,256
18.04.2016 00:00:00; 0,392
19.04.2016 00:00:00; 0,336
20.04.2016 00:00:00; 0,265
21.04.2016 00:00:00; 0,226
22.04.2016 00:00:00; 0,202
23.04.2016 00:00:00; 0,206
24.04.2016 00:00:00; 0,305
25.04.2016 00:00:00; 0,257
26.04.2016 00:00:00; 0,230
27.04.2016 00:00:00; 0,288
28.04.2016 00:00:00; 0,323
29.04.2016 00:00:00; 0,235
30.04.2016 00:00:00; 0,183
01.05.2016 00:00:00; 0,174
02.05.2016 00:00:00; 0,163
03.05.2016 00:00:00; 0,144
04.05.2016 00:00:00; 0,553
05.05.2016 00:00:00; 0,476
06.05.2016 00:00:00; 0,322
07.05.2016 00:00:00; 0,220
08.05.2016 00:00:00; 0,177
09.05.2016 00:00:00; 0,150
10.05.2016 00:00:00; 0,145
11.05.2016 00:00:00; 0,144
12.05.2016 00:00:00; 0,179
13.05.2016 00:00:00;  1,81
14.05.2016 00:00:00;  1,64
15.05.2016 00:00:00; 0,742
16.05.2016 00:00:00; 0,510
17.05.2016 00:00:00; 0,412
18.05.2016 00:00:00; 0,328
19.05.2016 00:00:00; 0,273
20.05.2016 00:00:00; 0,200
21.05.2016 00:00:00; 0,158
22.05.2016 00:00:00; 0,158
23.05.2016 00:00:00; 0,152
24.05.2016 00:00:00; 0,298
25.05.2016 00:00:00; 0,272
26.05.2016 00:00:00; 0,176
27.05.2016 00:00:00; 0,127
28.05.2016 00:00:00; 0,102
29.05.2016 00:00:00; 0,113
30.05.2016 00:00:00; 0,093
31.05.2016 00:00:00; 0,273
01.06.2016 00:00:00; 0,129
02.06.2016 00:00:00; 0,116
03.06.2016 00:00:00; 0,452
04.06.2016 00:00:00; 0,240
05.06.2016 00:00:00; 0,215
06.06.2016 00:00:00; 0,554
07.06.2016 00:00:00; 0,403
08.06.2016 00:00:00; 0,202
09.06.2016 00:00:00; 0,219
10.06.2016 00:00:00; 0,172
11.06.2016 00:00:00; 0,137
12.06.2016 00:00:00; 0,295
13.06.2016 00:00:00; 0,268
14.06.2016 00:00:00; 0,331
15.06.2016 00:00:00; 0,370
16.06.2016 00:00:00; 0,329
17.06.2016 00:00:00; 0,258
18.06.2016 00:00:00; 0,241
19.06.2016 00:00:00; 0,310
20.06.2016 00:00:00; 0,580
21.06.2016 00:00:00; 0,412
22.06.2016 00:00:00; 0,224
23.06.2016 00:00:00; 0,146
24.06.2016 00:00:00; 0,117
25.06.2016 00:00:00; 0,108
26.06.2016 00:00:00; 0,127
27.06.2016 00:00:00; 0,640
28.06.2016 00:00:00; 0,352
29.06.2016 00:00:00; 0,172
30.06.2016 00:00:00; 0,224
01.07.2016 00:00:00; 0,168
02.07.2016 00:00:00; 0,438
03.07.2016 00:00:00; 0,876
04.07.2016 00:00:00; 0,305
05.07.2016 00:00:00; 0,173
06.07.2016 00:00:00; 0,142
07.07.2016 00:00:00; 0,128
08.07.2016 00:00:00; 0,106
09.07.2016 00:00:00; 0,083
10.07.2016 00:00:00; 0,068
11.07.2016 00:00:00; 0,057
12.07.2016 00:00:00; 0,448
13.07.2016 00:00:00;  1,35
14.07.2016 00:00:00;  1,33
15.07.2016 00:00:00; 0,764
16.07.2016 00:00:00; 0,341
17.07.2016 00:00:00; 0,229
18.07.2016 00:00:00; 0,177
19.07.2016 00:00:00; 0,125
20.07.2016 00:00:00; 0,101
21.07.2016 00:00:00; 0,179
22.07.2016 00:00:00; 0,145
23.07.2016 00:00:00; 0,104
24.07.2016 00:00:00; 0,190
25.07.2016 00:00:00; 0,106
26.07.2016 00:00:00; 0,119
27.07.2016 00:00:00; 0,396
28.07.2016 00:00:00; 0,494
29.07.2016 00:00:00; 0,531
30.07.2016 00:00:00; 0,266
31.07.2016 00:00:00;  2,48
01.08.2016 00:00:00;  1,63
02.08.2016 00:00:00; 0,452
03.08.2016 00:00:00; 0,294
04.08.2016 00:00:00; 0,172
05.08.2016 00:00:00; 0,169
06.08.2016 00:00:00; 0,206
07.08.2016 00:00:00; 0,132
08.08.2016 00:00:00; 0,087
09.08.2016 00:00:00; 0,093
10.08.2016 00:00:00; 0,305
11.08.2016 00:00:00; 0,240
12.08.2016 00:00:00; 0,155
13.08.2016 00:00:00; 0,105
14.08.2016 00:00:00; 0,085
15.08.2016 00:00:00; 0,077
16.08.2016 00:00:00; 0,067
17.08.2016 00:00:00; 0,057
18.08.2016 00:00:00; 0,051
19.08.2016 00:00:00; 0,050
20.08.2016 00:00:00; 0,046
21.08.2016 00:00:00; 0,073
22.08.2016 00:00:00; 0,069
23.08.2016 00:00:00; 0,057
24.08.2016 00:00:00; 0,043
25.08.2016 00:00:00; 0,044
26.08.2016 00:00:00; 0,041
27.08.2016 00:00:00; 0,038
28.08.2016 00:00:00; 0,038
29.08.2016 00:00:00; 0,072
30.08.2016 00:00:00; 0,104
31.08.2016 00:00:00; 0,099
01.09.2016 00:00:00; 0,090
02.09.2016 00:00:00; 0,081
03.09.2016 00:00:00; 0,083
04.09.2016 00:00:00; 0,072
05.09.2016 00:00:00; 0,150
06.09.2016 00:00:00; 0,153
07.09.2016 00:00:00; 0,101
08.09.2016 00:00:00; 0,089
09.09.2016 00:00:00; 0,069
10.09.2016 00:00:00; 0,063
11.09.2016 00:00:00; 0,059
12.09.2016 00:00:00; 0,055
13.09.2016 00:00:00; 0,051
14.09.2016 00:00:00; 0,053
15.09.2016 00:00:00; 0,051
16.09.2016 00:00:00; 0,051
17.09.2016 00:00:00; 0,066
18.09.2016 00:00:00; 0,075
19.09.2016 00:00:00; 0,079
20.09.2016 00:00:00; 0,106
21.09.2016 00:00:00; 0,089
22.09.2016 00:00:00; 0,088
23.09.2016 00:00:00; 0,082
24.09.2016 00:00:00; 0,074
25.09.2016 00:00:00; 0,076
26.09.2016 00:00:00; 0,087
27.09.2016 00:00:00; 0,091
28.09.2016 00:00:00; 0,094
29.09.2016 00:00:00; 0,084
30.09.2016 00:00:00; 0,083
01.10.2016 00:00:00; 0,071
02.10.2016 00:00:00; 0,123
03.10.2016 00:00:00; 0,264
04.10.2016 00:00:00; 0,580
05.10.2016 00:00:00; 0,360
06.10.2016 00:00:00; 0,414
07.10.2016 00:00:00; 0,474
08.10.2016 00:00:00; 0,321
09.10.2016 00:00:00; 0,240
10.10.2016 00:00:00; 0,478
11.10.2016 00:00:00; 0,661
12.10.2016 00:00:00;  1,03
13.10.2016 00:00:00; 0,767
14.10.2016 00:00:00; 0,507
15.10.2016 00:00:00; 0,276
16.10.2016 00:00:00; 0,228
17.10.2016 00:00:00; 0,240
18.10.2016 00:00:00; 0,259
19.10.2016 00:00:00; 0,288
20.10.2016 00:00:00; 0,453
21.10.2016 00:00:00; 0,360
22.10.2016 00:00:00; 0,309
23.10.2016 00:00:00; 0,286
24.10.2016 00:00:00; 0,253
25.10.2016 00:00:00; 0,218
26.10.2016 00:00:00; 0,218
27.10.2016 00:00:00; 0,212
28.10.2016 00:00:00; 0,187
29.10.2016 00:00:00; 0,182
30.10.2016 00:00:00; 0,202
31.10.2016 00:00:00; 0,187
01.11.2016 00:00:00; 0,248
02.11.2016 00:00:00; 0,334
03.11.2016 00:00:00; 0,326
04.11.2016 00:00:00; 0,308
05.11.2016 00:00:00; 0,262
06.11.2016 00:00:00; 0,297
07.11.2016 00:00:00; 0,408
08.11.2016 00:00:00; 0,296
09.11.2016 00:00:00; 0,251
10.11.2016 00:00:00; 0,232
11.11.2016 00:00:00; 0,254
12.11.2016 00:00:00; 0,285
13.11.2016 00:00:00; 0,280
14.11.2016 00:00:00; 0,256
15.11.2016 00:00:00; 0,240
16.11.2016 00:00:00; 0,316
17.11.2016 00:00:00; 0,463
18.11.2016 00:00:00; 0,393
19.11.2016 00:00:00; 0,337
20.11.2016 00:00:00; 0,335
21.11.2016 00:00:00; 0,294
22.11.2016 00:00:00; 0,267
23.11.2016 00:00:00; 0,273
24.11.2016 00:00:00; 0,289
25.11.2016 00:00:00; 0,295
26.11.2016 00:00:00; 0,343
27.11.2016 00:00:00; 0,399
28.11.2016 00:00:00; 0,392
29.11.2016 00:00:00; 0,350
30.11.2016 00:00:00; 0,310
01.12.2016 00:00:00; 0,247
02.12.2016 00:00:00; 0,343
03.12.2016 00:00:00; 0,374
04.12.2016 00:00:00; 0,315
05.12.2016 00:00:00; 0,279
06.12.2016 00:00:00; 0,243
07.12.2016 00:00:00; 0,215
08.12.2016 00:00:00; 0,195
09.12.2016 00:00:00; 0,185
10.12.2016 00:00:00; 0,207
11.12.2016 00:00:00; 0,228
12.12.2016 00:00:00; 0,396
13.12.2016 00:00:00; 0,484
14.12.2016 00:00:00; 0,322
15.12.2016 00:00:00; 0,319
16.12.2016 00:00:00; 0,291
17.12.2016 00:00:00; 0,266
18.12.2016 00:00:00; 0,256
19.12.2016 00:00:00; 0,273
20.12.2016 00:00:00; 0,256
21.12.2016 00:00:00; 0,240
22.12.2016 00:00:00; 0,225
23.12.2016 00:00:00; 0,217
24.12.2016 00:00:00; 0,233
25.12.2016 00:00:00; 0,446
26.12.2016 00:00:00; 0,560
27.12.2016 00:00:00; 0,517
28.12.2016 00:00:00;  1,22
29.12.2016 00:00:00;  1,08
30.12.2016 00:00:00; 0,628
31.12.2016 00:00:00; 0,490
01.01.2017 00:00:00; 0,388
02.01.2017 00:00:00; 0,352
03.01.2017 00:00:00; 0,310
04.01.2017 00:00:00; 0,296
05.01.2017 00:00:00; 0,292
06.01.2017 00:00:00; 0,258
07.01.2017 00:00:00; 0,264
08.01.2017 00:00:00; 0,196
09.01.2017 00:00:00; 0,105
10.01.2017 00:00:00; 0,092
11.01.2017 00:00:00; 0,122
12.01.2017 00:00:00; 0,205
13.01.2017 00:00:00; 0,301
14.01.2017 00:00:00; 0,259
15.01.2017 00:00:00; 0,250
16.01.2017 00:00:00; 0,205
17.01.2017 00:00:00; 0,207
18.01.2017 00:00:00; 0,209
19.01.2017 00:00:00; 0,211
20.01.2017 00:00:00; 0,214
21.01.2017 00:00:00; 0,216
22.01.2017 00:00:00; 0,218
23.01.2017 00:00:00; 0,220
24.01.2017 00:00:00; 0,222
25.01.2017 00:00:00; 0,224
26.01.2017 00:00:00; 0,225
27.01.2017 00:00:00; 0,233
28.01.2017 00:00:00; 0,245
29.01.2017 00:00:00; 0,247
30.01.2017 00:00:00; 0,249
31.01.2017 00:00:00; 0,252
01.02.2017 00:00:00; 0,218
02.02.2017 00:00:00; 0,246
03.02.2017 00:00:00; 0,242
04.02.2017 00:00:00; 0,257
05.02.2017 00:00:00; 0,250
06.02.2017 00:00:00; 0,277
07.02.2017 00:00:00; 0,277
08.02.2017 00:00:00; 0,248
09.02.2017 00:00:00; 0,217
10.02.2017 00:00:00; 0,237
11.02.2017 00:00:00; 0,229
12.02.2017 00:00:00; 0,218
13.02.2017 00:00:00; 0,211
14.02.2017 00:00:00; 0,205
15.02.2017 00:00:00; 0,195
16.02.2017 00:00:00; 0,220
17.02.2017 00:00:00; 0,286
18.02.2017 00:00:00; 0,500
19.02.2017 00:00:00; 0,577
20.02.2017 00:00:00; 0,760
21.02.2017 00:00:00;  2,81
22.02.2017 00:00:00;  1,96
23.02.2017 00:00:00;  1,33
24.02.2017 00:00:00; 0,767
25.02.2017 00:00:00; 0,486
26.02.2017 00:00:00; 0,360
27.02.2017 00:00:00; 0,323
28.02.2017 00:00:00; 0,298
01.03.2017 00:00:00; 0,315
02.03.2017 00:00:00; 0,296
03.03.2017 00:00:00; 0,271
04.03.2017 00:00:00; 0,233
05.03.2017 00:00:00; 0,191
06.03.2017 00:00:00; 0,193
07.03.2017 00:00:00; 0,223
08.03.2017 00:00:00; 0,299
09.03.2017 00:00:00; 0,260
10.03.2017 00:00:00; 0,634
11.03.2017 00:00:00; 0,469
12.03.2017 00:00:00; 0,321
13.03.2017 00:00:00; 0,280
14.03.2017 00:00:00; 0,280
15.03.2017 00:00:00; 0,280
16.03.2017 00:00:00; 0,278
17.03.2017 00:00:00; 0,283
18.03.2017 00:00:00; 0,550
19.03.2017 00:00:00;  2,30
20.03.2017 00:00:00;  1,44
21.03.2017 00:00:00; 0,791
22.03.2017 00:00:00; 0,574
23.03.2017 00:00:00; 0,499
24.03.2017 00:00:00; 0,431
25.03.2017 00:00:00; 0,371
26.03.2017 00:00:00; 0,329
27.03.2017 00:00:00; 0,301
28.03.2017 00:00:00; 0,308
29.03.2017 00:00:00; 0,276
30.03.2017 00:00:00; 0,241
31.03.2017 00:00:00; 0,225
01.04.2017 00:00:00; 0,214
02.04.2017 00:00:00; 0,200
03.04.2017 00:00:00; 0,188
04.04.2017 00:00:00; 0,271
05.04.2017 00:00:00; 0,253
06.04.2017 00:00:00; 0,232
07.04.2017 00:00:00; 0,221
08.04.2017 00:00:00; 0,221
09.04.2017 00:00:00; 0,202
10.04.2017 00:00:00; 0,180
11.04.2017 00:00:00; 0,197
12.04.2017 00:00:00; 0,197
13.04.2017 00:00:00; 0,193
14.04.2017 00:00:00; 0,184
15.04.2017 00:00:00; 0,171
16.04.2017 00:00:00; 0,166
17.04.2017 00:00:00; 0,190
18.04.2017 00:00:00; 0,286
19.04.2017 00:00:00; 0,254
20.04.2017 00:00:00; 0,217
21.04.2017 00:00:00; 0,194
22.04.2017 00:00:00; 0,205
23.04.2017 00:00:00; 0,208
24.04.2017 00:00:00; 0,175
25.04.2017 00:00:00; 0,189
26.04.2017 00:00:00; 0,278
27.04.2017 00:00:00; 0,486
28.04.2017 00:00:00;  1,40
29.04.2017 00:00:00;  1,09
30.04.2017 00:00:00; 0,643
01.05.2017 00:00:00; 0,408
02.05.2017 00:00:00; 0,307
03.05.2017 00:00:00; 0,261
04.05.2017 00:00:00; 0,236
05.05.2017 00:00:00; 0,219
06.05.2017 00:00:00; 0,211
07.05.2017 00:00:00; 0,209
08.05.2017 00:00:00; 0,206
09.05.2017 00:00:00; 0,190
10.05.2017 00:00:00; 0,172
11.05.2017 00:00:00; 0,169
12.05.2017 00:00:00; 0,171
13.05.2017 00:00:00; 0,194
14.05.2017 00:00:00; 0,194
15.05.2017 00:00:00; 0,198
16.05.2017 00:00:00; 0,188
17.05.2017 00:00:00; 0,178
18.05.2017 00:00:00; 0,138
19.05.2017 00:00:00; 0,122
20.05.2017 00:00:00; 0,102
21.05.2017 00:00:00; 0,104
22.05.2017 00:00:00; 0,100
23.05.2017 00:00:00; 0,089
24.05.2017 00:00:00; 0,080
25.05.2017 00:00:00; 0,073
26.05.2017 00:00:00; 0,069
27.05.2017 00:00:00; 0,067
28.05.2017 00:00:00; 0,064
29.05.2017 00:00:00; 0,062
30.05.2017 00:00:00; 0,071
31.05.2017 00:00:00; 0,139
01.06.2017 00:00:00; 0,084
02.06.2017 00:00:00; 0,072
03.06.2017 00:00:00; 0,068
04.06.2017 00:00:00; 0,069
05.06.2017 00:00:00; 0,073
06.06.2017 00:00:00; 0,085
07.06.2017 00:00:00; 0,107
08.06.2017 00:00:00; 0,080
09.06.2017 00:00:00; 0,077
10.06.2017 00:00:00; 0,088
11.06.2017 00:00:00; 0,081
12.06.2017 00:00:00; 0,081
13.06.2017 00:00:00; 0,077
14.06.2017 00:00:00; 0,079
15.06.2017 00:00:00; 0,077
16.06.2017 00:00:00; 0,131
17.06.2017 00:00:00; 0,116
18.06.2017 00:00:00; 0,075
19.06.2017 00:00:00; 0,077
20.06.2017 00:00:00; 0,072
21.06.2017 00:00:00; 0,069
22.06.2017 00:00:00; 0,069
23.06.2017 00:00:00; 0,098
24.06.2017 00:00:00; 0,064
25.06.2017 00:00:00; 0,062
26.06.2017 00:00:00; 0,077
27.06.2017 00:00:00; 0,209
28.06.2017 00:00:00; 0,206
29.06.2017 00:00:00; 0,166
30.06.2017 00:00:00; 0,083
01.07.2017 00:00:00; 0,077
02.07.2017 00:00:00; 0,078
03.07.2017 00:00:00; 0,078
04.07.2017 00:00:00; 0,073
05.07.2017 00:00:00; 0,067
06.07.2017 00:00:00; 0,060
07.07.2017 00:00:00; 0,054
08.07.2017 00:00:00; 0,049
09.07.2017 00:00:00; 0,074
10.07.2017 00:00:00; 0,062
11.07.2017 00:00:00; 0,058
12.07.2017 00:00:00; 0,054
13.07.2017 00:00:00; 0,078
14.07.2017 00:00:00; 0,059
15.07.2017 00:00:00; 0,062
16.07.2017 00:00:00; 0,068
17.07.2017 00:00:00; 0,068
18.07.2017 00:00:00; 0,069
19.07.2017 00:00:00; 0,070
20.07.2017 00:00:00; 0,075
21.07.2017 00:00:00; 0,200
22.07.2017 00:00:00; 0,100
23.07.2017 00:00:00; 0,085
24.07.2017 00:00:00; 0,238
25.07.2017 00:00:00; 0,166
26.07.2017 00:00:00; 0,093
27.07.2017 00:00:00; 0,345
28.07.2017 00:00:00; 0,177
29.07.2017 00:00:00; 0,085
30.07.2017 00:00:00; 0,071
31.07.2017 00:00:00; 0,068
01.08.2017 00:00:00; 0,065
02.08.2017 00:00:00; 0,061
03.08.2017 00:00:00; 0,058
04.08.2017 00:00:00; 0,055
05.08.2017 00:00:00; 0,057
06.08.2017 00:00:00; 0,190
07.08.2017 00:00:00; 0,186
08.08.2017 00:00:00; 0,077
09.08.2017 00:00:00; 0,070
10.08.2017 00:00:00; 0,067
11.08.2017 00:00:00; 0,093
12.08.2017 00:00:00; 0,069
13.08.2017 00:00:00; 0,060
14.08.2017 00:00:00; 0,056
15.08.2017 00:00:00; 0,054
16.08.2017 00:00:00; 0,052
17.08.2017 00:00:00; 0,049
18.08.2017 00:00:00; 0,047
19.08.2017 00:00:00; 0,064
20.08.2017 00:00:00; 0,068
21.08.2017 00:00:00; 0,049
22.08.2017 00:00:00; 0,048
23.08.2017 00:00:00; 0,041
24.08.2017 00:00:00; 0,039
25.08.2017 00:00:00; 0,040
26.08.2017 00:00:00; 0,035
27.08.2017 00:00:00; 0,074
28.08.2017 00:00:00; 0,125
29.08.2017 00:00:00; 0,044
30.08.2017 00:00:00; 0,038
31.08.2017 00:00:00; 0,037
01.09.2017 00:00:00; 0,055
02.09.2017 00:00:00; 0,091
03.09.2017 00:00:00; 0,245
04.09.2017 00:00:00; 0,262
05.09.2017 00:00:00; 0,105
06.09.2017 00:00:00; 0,093
07.09.2017 00:00:00; 0,095
08.09.2017 00:00:00; 0,086
09.09.2017 00:00:00; 0,087
10.09.2017 00:00:00; 0,093
11.09.2017 00:00:00; 0,109
12.09.2017 00:00:00; 0,147
13.09.2017 00:00:00; 0,108
14.09.2017 00:00:00; 0,092
15.09.2017 00:00:00; 0,084
16.09.2017 00:00:00; 0,091
17.09.2017 00:00:00; 0,102
18.09.2017 00:00:00; 0,090
19.09.2017 00:00:00; 0,095
20.09.2017 00:00:00; 0,272
21.09.2017 00:00:00; 0,136
22.09.2017 00:00:00; 0,098
23.09.2017 00:00:00; 0,092
24.09.2017 00:00:00; 0,087
25.09.2017 00:00:00; 0,083
26.09.2017 00:00:00; 0,092
27.09.2017 00:00:00; 0,092
28.09.2017 00:00:00; 0,088
29.09.2017 00:00:00; 0,089
30.09.2017 00:00:00; 0,091
01.10.2017 00:00:00; 0,094
02.10.2017 00:00:00; 0,097
03.10.2017 00:00:00; 0,163
04.10.2017 00:00:00; 0,178
05.10.2017 00:00:00; 0,108
06.10.2017 00:00:00; 0,107
07.10.2017 00:00:00; 0,107
08.10.2017 00:00:00; 0,114
09.10.2017 00:00:00; 0,184
10.10.2017 00:00:00; 0,127
11.10.2017 00:00:00; 0,114
12.10.2017 00:00:00; 0,102
13.10.2017 00:00:00; 0,094
14.10.2017 00:00:00; 0,089
15.10.2017 00:00:00; 0,083
16.10.2017 00:00:00; 0,080
17.10.2017 00:00:00; 0,085
18.10.2017 00:00:00; 0,071
19.10.2017 00:00:00; 0,071
20.10.2017 00:00:00; 0,066
21.10.2017 00:00:00; 0,078
22.10.2017 00:00:00; 0,126
23.10.2017 00:00:00; 0,116
24.10.2017 00:00:00; 0,082
25.10.2017 00:00:00; 0,204
26.10.2017 00:00:00; 0,203
27.10.2017 00:00:00; 0,214
28.10.2017 00:00:00; 0,189
29.10.2017 00:00:00; 0,398
30.10.2017 00:00:00; 0,318
31.10.2017 00:00:00; 0,149
01.11.2017 00:00:00; 0,130
02.11.2017 00:00:00; 0,104
03.11.2017 00:00:00; 0,111
04.11.2017 00:00:00; 0,098
05.11.2017 00:00:00; 0,088
06.11.2017 00:00:00; 0,092
07.11.2017 00:00:00; 0,102
08.11.2017 00:00:00; 0,098
09.11.2017 00:00:00; 0,130
10.11.2017 00:00:00; 0,096
11.11.2017 00:00:00; 0,107
12.11.2017 00:00:00; 0,149
13.11.2017 00:00:00; 0,271
14.11.2017 00:00:00; 0,151
15.11.2017 00:00:00; 0,119
16.11.2017 00:00:00; 0,107
17.11.2017 00:00:00; 0,100
18.11.2017 00:00:00; 0,115
19.11.2017 00:00:00; 0,126
20.11.2017 00:00:00; 0,154
21.11.2017 00:00:00; 0,194
22.11.2017 00:00:00; 0,223
23.11.2017 00:00:00; 0,167
24.11.2017 00:00:00; 0,136
25.11.2017 00:00:00; 0,146
26.11.2017 00:00:00; 0,131
27.11.2017 00:00:00; 0,109
28.11.2017 00:00:00; 0,106
29.11.2017 00:00:00; 0,109
30.11.2017 00:00:00; 0,127
01.12.2017 00:00:00; 0,115
02.12.2017 00:00:00; 0,102
03.12.2017 00:00:00; 0,098
04.12.2017 00:00:00; 0,101
05.12.2017 00:00:00; 0,130
06.12.2017 00:00:00; 0,209
07.12.2017 00:00:00; 0,194
08.12.2017 00:00:00; 0,161
09.12.2017 00:00:00; 0,167
10.12.2017 00:00:00; 0,134
11.12.2017 00:00:00; 0,128
12.12.2017 00:00:00; 0,156
13.12.2017 00:00:00; 0,160
14.12.2017 00:00:00; 0,159
15.12.2017 00:00:00; 0,155
16.12.2017 00:00:00; 0,136
17.12.2017 00:00:00; 0,120
18.12.2017 00:00:00; 0,104
19.12.2017 00:00:00; 0,103
20.12.2017 00:00:00; 0,101
21.12.2017 00:00:00; 0,116
22.12.2017 00:00:00; 0,180
23.12.2017 00:00:00; 0,168
24.12.2017 00:00:00; 0,169
25.12.2017 00:00:00; 0,155
26.12.2017 00:00:00; 0,139
27.12.2017 00:00:00; 0,132
28.12.2017 00:00:00; 0,136
29.12.2017 00:00:00; 0,122
30.12.2017 00:00:00; 0,116
31.12.2017 00:00:00; 0,198
01.01.2018 00:00:00; 0,187
02.01.2018 00:00:00; 0,154
03.01.2018 00:00:00; 0,158
04.01.2018 00:00:00; 0,163
05.01.2018 00:00:00; 0,290
06.01.2018 00:00:00; 0,237
07.01.2018 00:00:00; 0,187
08.01.2018 00:00:00; 0,172
09.01.2018 00:00:00; 0,193
10.01.2018 00:00:00; 0,177
11.01.2018 00:00:00; 0,201
12.01.2018 00:00:00; 0,173
13.01.2018 00:00:00; 0,158
14.01.2018 00:00:00; 0,156
15.01.2018 00:00:00; 0,142
16.01.2018 00:00:00; 0,139
17.01.2018 00:00:00; 0,160
18.01.2018 00:00:00; 0,153
19.01.2018 00:00:00; 0,215
20.01.2018 00:00:00; 0,229
21.01.2018 00:00:00; 0,198
22.01.2018 00:00:00; 0,170
23.01.2018 00:00:00; 0,181
24.01.2018 00:00:00; 0,283
25.01.2018 00:00:00; 0,386
26.01.2018 00:00:00; 0,321
27.01.2018 00:00:00; 0,263
28.01.2018 00:00:00; 0,250
29.01.2018 00:00:00; 0,378
30.01.2018 00:00:00; 0,355
31.01.2018 00:00:00; 0,280
01.02.2018 00:00:00; 0,249
02.02.2018 00:00:00; 0,230
03.02.2018 00:00:00; 0,207
04.02.2018 00:00:00; 0,191
05.02.2018 00:00:00; 0,166
06.02.2018 00:00:00; 0,156
07.02.2018 00:00:00; 0,154
08.02.2018 00:00:00; 0,158
09.02.2018 00:00:00; 0,155
10.02.2018 00:00:00; 0,155
11.02.2018 00:00:00; 0,157
12.02.2018 00:00:00; 0,158
13.02.2018 00:00:00; 0,153
14.02.2018 00:00:00; 0,148
15.02.2018 00:00:00; 0,144
16.02.2018 00:00:00; 0,162
17.02.2018 00:00:00; 0,178
18.02.2018 00:00:00; 0,171
19.02.2018 00:00:00; 0,151
20.02.2018 00:00:00; 0,151
21.02.2018 00:00:00; 0,147
22.02.2018 00:00:00; 0,140
23.02.2018 00:00:00; 0,134
24.02.2018 00:00:00; 0,121
25.02.2018 00:00:00; 0,106
26.02.2018 00:00:00; 0,094
27.02.2018 00:00:00; 0,093
28.02.2018 00:00:00; 0,092
01.03.2018 00:00:00; 0,087
02.03.2018 00:00:00; 0,087
03.03.2018 00:00:00; 0,098
04.03.2018 00:00:00; 0,104
05.03.2018 00:00:00; 0,098
06.03.2018 00:00:00; 0,105
07.03.2018 00:00:00; 0,126
08.03.2018 00:00:00; 0,426
09.03.2018 00:00:00; 0,539
10.03.2018 00:00:00; 0,571
11.03.2018 00:00:00; 0,588
12.03.2018 00:00:00; 0,524
13.03.2018 00:00:00; 0,439
14.03.2018 00:00:00; 0,337
15.03.2018 00:00:00; 0,285
16.03.2018 00:00:00; 0,259
17.03.2018 00:00:00; 0,238
18.03.2018 00:00:00; 0,219
19.03.2018 00:00:00; 0,196
20.03.2018 00:00:00; 0,180
21.03.2018 00:00:00; 0,161
22.03.2018 00:00:00; 0,157
23.03.2018 00:00:00; 0,167
24.03.2018 00:00:00; 0,173
25.03.2018 00:00:00; 0,175
26.03.2018 00:00:00; 0,163
27.03.2018 00:00:00; 0,166
28.03.2018 00:00:00; 0,166
29.03.2018 00:00:00; 0,212
30.03.2018 00:00:00; 0,181
31.03.2018 00:00:00; 0,180
01.04.2018 00:00:00; 0,201
02.04.2018 00:00:00; 0,166
03.04.2018 00:00:00; 0,154
04.04.2018 00:00:00; 0,142
05.04.2018 00:00:00; 0,139
06.04.2018 00:00:00; 0,132
07.04.2018 00:00:00; 0,129
08.04.2018 00:00:00; 0,124
09.04.2018 00:00:00; 0,123
10.04.2018 00:00:00; 0,127
11.04.2018 00:00:00; 0,127
12.04.2018 00:00:00; 0,116
13.04.2018 00:00:00; 0,115
14.04.2018 00:00:00; 0,117
15.04.2018 00:00:00; 0,115
16.04.2018 00:00:00; 0,129
17.04.2018 00:00:00; 0,119
18.04.2018 00:00:00; 0,110
19.04.2018 00:00:00; 0,103
20.04.2018 00:00:00; 0,100
21.04.2018 00:00:00; 0,099
22.04.2018 00:00:00; 0,097
23.04.2018 00:00:00; 0,107
24.04.2018 00:00:00; 0,092
25.04.2018 00:00:00; 0,090
26.04.2018 00:00:00; 0,089
27.04.2018 00:00:00; 0,085
28.04.2018 00:00:00; 0,081
29.04.2018 00:00:00; 0,077
30.04.2018 00:00:00; 0,072
01.05.2018 00:00:00; 0,068
02.05.2018 00:00:00; 0,066
03.05.2018 00:00:00; 0,091
04.05.2018 00:00:00; 0,071
05.05.2018 00:00:00; 0,067
06.05.2018 00:00:00; 0,066
07.05.2018 00:00:00; 0,063
08.05.2018 00:00:00; 0,063
09.05.2018 00:00:00; 0,077
10.05.2018 00:00:00; 0,065
11.05.2018 00:00:00; 0,068
12.05.2018 00:00:00; 0,084
13.05.2018 00:00:00; 0,062
14.05.2018 00:00:00; 0,054
15.05.2018 00:00:00; 0,090
16.05.2018 00:00:00; 0,188
17.05.2018 00:00:00; 0,313
18.05.2018 00:00:00; 0,193
19.05.2018 00:00:00; 0,102
20.05.2018 00:00:00; 0,088
21.05.2018 00:00:00; 0,074
22.05.2018 00:00:00; 0,069
23.05.2018 00:00:00; 0,068
24.05.2018 00:00:00; 0,078
25.05.2018 00:00:00; 0,205
26.05.2018 00:00:00; 0,151
27.05.2018 00:00:00; 0,105
28.05.2018 00:00:00; 0,101
29.05.2018 00:00:00; 0,099
30.05.2018 00:00:00; 0,101
31.05.2018 00:00:00; 0,105
01.06.2018 00:00:00; 0,102
02.06.2018 00:00:00; 0,117
03.06.2018 00:00:00; 0,127
04.06.2018 00:00:00; 0,102
05.06.2018 00:00:00; 0,103
06.06.2018 00:00:00; 0,101
07.06.2018 00:00:00; 0,102
08.06.2018 00:00:00; 0,108
09.06.2018 00:00:00; 0,097
10.06.2018 00:00:00; 0,093
11.06.2018 00:00:00; 0,089
12.06.2018 00:00:00; 0,241
13.06.2018 00:00:00;  1,45
14.06.2018 00:00:00; 0,379
15.06.2018 00:00:00; 0,208
16.06.2018 00:00:00; 0,151
17.06.2018 00:00:00; 0,132
18.06.2018 00:00:00; 0,117
19.06.2018 00:00:00; 0,107
20.06.2018 00:00:00; 0,101
21.06.2018 00:00:00; 0,095
22.06.2018 00:00:00; 0,085
23.06.2018 00:00:00; 0,082
24.06.2018 00:00:00; 0,069
25.06.2018 00:00:00; 0,070
26.06.2018 00:00:00; 0,110
27.06.2018 00:00:00; 0,117
28.06.2018 00:00:00; 0,843
29.06.2018 00:00:00; 0,433
30.06.2018 00:00:00; 0,199
01.07.2018 00:00:00; 0,140
02.07.2018 00:00:00; 0,119
03.07.2018 00:00:00; 0,109
04.07.2018 00:00:00; 0,102
05.07.2018 00:00:00; 0,097
06.07.2018 00:00:00; 0,096
07.07.2018 00:00:00; 0,093
08.07.2018 00:00:00; 0,085
09.07.2018 00:00:00; 0,083
10.07.2018 00:00:00; 0,125
11.07.2018 00:00:00; 0,143
12.07.2018 00:00:00; 0,107
13.07.2018 00:00:00; 0,089
14.07.2018 00:00:00; 0,082
15.07.2018 00:00:00; 0,074
16.07.2018 00:00:00; 0,078
17.07.2018 00:00:00; 0,085
18.07.2018 00:00:00; 0,064
19.07.2018 00:00:00; 0,055
20.07.2018 00:00:00; 0,046
21.07.2018 00:00:00; 0,045
22.07.2018 00:00:00; 0,290
23.07.2018 00:00:00; 0,156
24.07.2018 00:00:00; 0,084
25.07.2018 00:00:00; 0,076
26.07.2018 00:00:00; 0,062
27.07.2018 00:00:00; 0,061
28.07.2018 00:00:00; 0,055
29.07.2018 00:00:00; 0,050
30.07.2018 00:00:00; 0,047
31.07.2018 00:00:00; 0,041
01.08.2018 00:00:00; 0,031
02.08.2018 00:00:00; 0,038
03.08.2018 00:00:00; 0,034
04.08.2018 00:00:00; 0,019
05.08.2018 00:00:00; 0,007
06.08.2018 00:00:00; 0,002
07.08.2018 00:00:00; 0,006
08.08.2018 00:00:00; 0,010
09.08.2018 00:00:00; 0,014
10.08.2018 00:00:00; 0,018
11.08.2018 00:00:00; 0,021
12.08.2018 00:00:00; 0,021
13.08.2018 00:00:00; 0,017
14.08.2018 00:00:00; 0,014
15.08.2018 00:00:00; 0,014
16.08.2018 00:00:00; 0,014
17.08.2018 00:00:00; 0,013
18.08.2018 00:00:00; 0,013
19.08.2018 00:00:00; 0,012
20.08.2018 00:00:00; 0,011
21.08.2018 00:00:00; 0,011
22.08.2018 00:00:00; 0,010
23.08.2018 00:00:00; 0,009
24.08.2018 00:00:00; 0,109
25.08.2018 00:00:00; 0,231
26.08.2018 00:00:00; 0,109
27.08.2018 00:00:00; 0,060
28.08.2018 00:00:00; 0,034
29.08.2018 00:00:00; 0,027
30.08.2018 00:00:00; 0,016
31.08.2018 00:00:00; 0,025
01.09.2018 00:00:00; 0,159
02.09.2018 00:00:00; 0,142
03.09.2018 00:00:00; 0,436
04.09.2018 00:00:00;  1,09
05.09.2018 00:00:00; 0,379
06.09.2018 00:00:00; 0,186
07.09.2018 00:00:00; 0,133
08.09.2018 00:00:00; 0,117
09.09.2018 00:00:00; 0,100
10.09.2018 00:00:00; 0,095
11.09.2018 00:00:00; 0,090
12.09.2018 00:00:00; 0,083
13.09.2018 00:00:00; 0,084
14.09.2018 00:00:00; 0,120
15.09.2018 00:00:00; 0,135
16.09.2018 00:00:00; 0,109
17.09.2018 00:00:00; 0,108
18.09.2018 00:00:00; 0,100
19.09.2018 00:00:00; 0,105
20.09.2018 00:00:00; 0,101
21.09.2018 00:00:00; 0,101
22.09.2018 00:00:00; 0,096
23.09.2018 00:00:00; 0,096
24.09.2018 00:00:00; 0,119
25.09.2018 00:00:00; 0,099
26.09.2018 00:00:00; 0,093
27.09.2018 00:00:00; 0,091
28.09.2018 00:00:00; 0,088
29.09.2018 00:00:00; 0,086
30.09.2018 00:00:00; 0,095
01.10.2018 00:00:00; 0,101
02.10.2018 00:00:00; 0,108
03.10.2018 00:00:00; 0,106
04.10.2018 00:00:00; 0,105
05.10.2018 00:00:00; 0,101
06.10.2018 00:00:00; 0,105
07.10.2018 00:00:00; 0,110
08.10.2018 00:00:00; 0,102
09.10.2018 00:00:00; 0,098
10.10.2018 00:00:00; 0,095
11.10.2018 00:00:00; 0,097
12.10.2018 00:00:00; 0,100
13.10.2018 00:00:00; 0,103
14.10.2018 00:00:00; 0,105
15.10.2018 00:00:00; 0,104
16.10.2018 00:00:00; 0,104
17.10.2018 00:00:00; 0,106
18.10.2018 00:00:00; 0,104
19.10.2018 00:00:00; 0,114
20.10.2018 00:00:00; 0,122
21.10.2018 00:00:00; 0,118
22.10.2018 00:00:00; 0,117
23.10.2018 00:00:00; 0,125
24.10.2018 00:00:00; 0,137
25.10.2018 00:00:00; 0,188
26.10.2018 00:00:00; 0,123
27.10.2018 00:00:00; 0,132
28.10.2018 00:00:00; 0,274
29.10.2018 00:00:00; 0,193
30.10.2018 00:00:00; 0,156
31.10.2018 00:00:00; 0,134
01.11.2018 00:00:00; 0,137
02.11.2018 00:00:00; 0,142
03.11.2018 00:00:00; 0,184
04.11.2018 00:00:00; 0,175
05.11.2018 00:00:00; 0,164
06.11.2018 00:00:00; 0,154
07.11.2018 00:00:00; 0,148
08.11.2018 00:00:00; 0,143
09.11.2018 00:00:00; 0,155
10.11.2018 00:00:00; 0,192
11.11.2018 00:00:00; 0,240
12.11.2018 00:00:00; 0,240
13.11.2018 00:00:00; 0,188
14.11.2018 00:00:00; 0,139
15.11.2018 00:00:00; 0,094
16.11.2018 00:00:00; 0,062
17.11.2018 00:00:00; 0,056
18.11.2018 00:00:00; 0,056
19.11.2018 00:00:00; 0,182
20.11.2018 00:00:00; 0,516
21.11.2018 00:00:00; 0,665
22.11.2018 00:00:00; 0,575
23.11.2018 00:00:00; 0,187
24.11.2018 00:00:00; 0,093
25.11.2018 00:00:00; 0,061
26.11.2018 00:00:00; 0,327
27.11.2018 00:00:00; 0,314
28.11.2018 00:00:00; 0,131
29.11.2018 00:00:00; 0,076
30.11.2018 00:00:00; 0,067
01.12.2018 00:00:00; 0,062
02.12.2018 00:00:00; 0,063
03.12.2018 00:00:00; 0,142
04.12.2018 00:00:00; 0,345
05.12.2018 00:00:00; 0,259
06.12.2018 00:00:00; 0,145
07.12.2018 00:00:00; 0,115
08.12.2018 00:00:00; 0,128
09.12.2018 00:00:00; 0,115
10.12.2018 00:00:00; 0,128
11.12.2018 00:00:00; 0,113
12.12.2018 00:00:00; 0,110
13.12.2018 00:00:00; 0,104
14.12.2018 00:00:00; 0,100
15.12.2018 00:00:00; 0,099
16.12.2018 00:00:00; 0,097
17.12.2018 00:00:00; 0,096
18.12.2018 00:00:00; 0,095
19.12.2018 00:00:00; 0,094
20.12.2018 00:00:00; 0,093
21.12.2018 00:00:00; 0,098
22.12.2018 00:00:00;  1,24
23.12.2018 00:00:00; 0,781
24.12.2018 00:00:00;  3,96
25.12.2018 00:00:00;  1,50
26.12.2018 00:00:00; 0,746
27.12.2018 00:00:00; 0,553
28.12.2018 00:00:00; 0,456
29.12.2018 00:00:00; 0,370
30.12.2018 00:00:00; 0,359
31.12.2018 00:00:00; 0,355
01.01.2019 00:00:00; 0,326
02.01.2019 00:00:00; 0,328
03.01.2019 00:00:00; 0,271
04.01.2019 00:00:00; 0,249
05.01.2019 00:00:00; 0,278
06.01.2019 00:00:00; 0,444
07.01.2019 00:00:00; 0,393
08.01.2019 00:00:00; 0,409
09.01.2019 00:00:00; 0,538
10.01.2019 00:00:00; 0,460
11.01.2019 00:00:00; 0,374
12.01.2019 00:00:00; 0,349
13.01.2019 00:00:00; 0,378
14.01.2019 00:00:00;  1,05
15.01.2019 00:00:00; 0,811
16.01.2019 00:00:00; 0,592
17.01.2019 00:00:00; 0,538
18.01.2019 00:00:00; 0,671
19.01.2019 00:00:00; 0,479
20.01.2019 00:00:00; 0,379
21.01.2019 00:00:00; 0,291
22.01.2019 00:00:00; 0,238
23.01.2019 00:00:00; 0,229
24.01.2019 00:00:00; 0,212
25.01.2019 00:00:00; 0,197
26.01.2019 00:00:00; 0,200
27.01.2019 00:00:00; 0,215
28.01.2019 00:00:00; 0,237
29.01.2019 00:00:00; 0,216
30.01.2019 00:00:00; 0,198
31.01.2019 00:00:00; 0,179
01.02.2019 00:00:00; 0,175
02.02.2019 00:00:00; 0,529
03.02.2019 00:00:00;  1,95
04.02.2019 00:00:00;  1,21
05.02.2019 00:00:00; 0,682
06.02.2019 00:00:00; 0,486
07.02.2019 00:00:00; 0,377
08.02.2019 00:00:00; 0,375
09.02.2019 00:00:00; 0,411
10.02.2019 00:00:00; 0,474
11.02.2019 00:00:00; 0,735
12.02.2019 00:00:00; 0,636
13.02.2019 00:00:00; 0,481
14.02.2019 00:00:00; 0,711
15.02.2019 00:00:00; 0,858
16.02.2019 00:00:00; 0,772
17.02.2019 00:00:00; 0,705
18.02.2019 00:00:00; 0,649
19.02.2019 00:00:00; 0,633
20.02.2019 00:00:00; 0,622
21.02.2019 00:00:00; 0,586
22.02.2019 00:00:00; 0,960
23.02.2019 00:00:00; 0,669
24.02.2019 00:00:00; 0,427
25.02.2019 00:00:00; 0,381
26.02.2019 00:00:00; 0,385
27.02.2019 00:00:00; 0,364
28.02.2019 00:00:00; 0,339
01.03.2019 00:00:00; 0,334
02.03.2019 00:00:00; 0,532
03.03.2019 00:00:00; 0,580
04.03.2019 00:00:00; 0,445
05.03.2019 00:00:00; 0,361
06.03.2019 00:00:00; 0,333
07.03.2019 00:00:00; 0,305
08.03.2019 00:00:00; 0,304
09.03.2019 00:00:00; 0,271
10.03.2019 00:00:00; 0,396
11.03.2019 00:00:00; 0,443
12.03.2019 00:00:00; 0,359
13.03.2019 00:00:00; 0,362
14.03.2019 00:00:00; 0,323
15.03.2019 00:00:00; 0,320
16.03.2019 00:00:00;  1,04
17.03.2019 00:00:00; 0,895
18.03.2019 00:00:00; 0,573
19.03.2019 00:00:00; 0,510
20.03.2019 00:00:00; 0,395
21.03.2019 00:00:00; 0,328
22.03.2019 00:00:00; 0,287
23.03.2019 00:00:00; 0,256
24.03.2019 00:00:00; 0,252
25.03.2019 00:00:00; 0,242
26.03.2019 00:00:00; 0,221
27.03.2019 00:00:00; 0,218
28.03.2019 00:00:00; 0,210
29.03.2019 00:00:00; 0,202
30.03.2019 00:00:00; 0,195
31.03.2019 00:00:00; 0,184
01.04.2019 00:00:00; 0,179
02.04.2019 00:00:00; 0,172
03.04.2019 00:00:00; 0,171
04.04.2019 00:00:00; 0,167
05.04.2019 00:00:00; 0,154
06.04.2019 00:00:00; 0,182
07.04.2019 00:00:00; 0,194
08.04.2019 00:00:00; 0,191
09.04.2019 00:00:00; 0,170
10.04.2019 00:00:00; 0,169
11.04.2019 00:00:00; 0,154
12.04.2019 00:00:00; 0,153
13.04.2019 00:00:00; 0,148
14.04.2019 00:00:00; 0,148
15.04.2019 00:00:00; 0,159
16.04.2019 00:00:00; 0,144
17.04.2019 00:00:00; 0,140
18.04.2019 00:00:00; 0,143
19.04.2019 00:00:00; 0,130
20.04.2019 00:00:00; 0,125
21.04.2019 00:00:00; 0,113
22.04.2019 00:00:00; 0,109
23.04.2019 00:00:00; 0,114
24.04.2019 00:00:00; 0,097
25.04.2019 00:00:00; 0,095
26.04.2019 00:00:00; 0,091
27.04.2019 00:00:00; 0,088
28.04.2019 00:00:00; 0,085
29.04.2019 00:00:00; 0,094
30.04.2019 00:00:00; 0,460
01.05.2019 00:00:00; 0,298
02.05.2019 00:00:00; 0,158
03.05.2019 00:00:00; 0,150
04.05.2019 00:00:00; 0,187
05.05.2019 00:00:00; 0,250
06.05.2019 00:00:00; 0,207
07.05.2019 00:00:00; 0,159
08.05.2019 00:00:00; 0,129
09.05.2019 00:00:00; 0,208
10.05.2019 00:00:00; 0,182
11.05.2019 00:00:00; 0,706
12.05.2019 00:00:00;  3,06
13.05.2019 00:00:00;  1,40
14.05.2019 00:00:00; 0,674
15.05.2019 00:00:00; 0,645
16.05.2019 00:00:00;  1,72
17.05.2019 00:00:00;  1,04
18.05.2019 00:00:00; 0,634
19.05.2019 00:00:00; 0,434
20.05.2019 00:00:00; 0,470
21.05.2019 00:00:00; 0,459
22.05.2019 00:00:00; 0,517
23.05.2019 00:00:00; 0,653
24.05.2019 00:00:00; 0,483
25.05.2019 00:00:00; 0,334
26.05.2019 00:00:00; 0,277
27.05.2019 00:00:00; 0,278
28.05.2019 00:00:00;  1,59
29.05.2019 00:00:00;  3,59
30.05.2019 00:00:00;  1,53
31.05.2019 00:00:00; 0,733
01.06.2019 00:00:00; 0,493
02.06.2019 00:00:00; 0,379
03.06.2019 00:00:00; 0,298
04.06.2019 00:00:00; 0,244
05.06.2019 00:00:00; 0,209
06.06.2019 00:00:00; 0,204
07.06.2019 00:00:00; 0,614
08.06.2019 00:00:00; 0,242
09.06.2019 00:00:00; 0,185
10.06.2019 00:00:00; 0,166
11.06.2019 00:00:00; 0,157
12.06.2019 00:00:00; 0,137
13.06.2019 00:00:00; 0,115
14.06.2019 00:00:00; 0,361
15.06.2019 00:00:00; 0,111
16.06.2019 00:00:00; 0,095
17.06.2019 00:00:00; 0,094
18.06.2019 00:00:00; 0,074
19.06.2019 00:00:00; 0,078
20.06.2019 00:00:00; 0,079
21.06.2019 00:00:00; 0,077
22.06.2019 00:00:00; 0,323
23.06.2019 00:00:00; 0,638
24.06.2019 00:00:00; 0,321
25.06.2019 00:00:00; 0,142
26.06.2019 00:00:00; 0,105
27.06.2019 00:00:00; 0,083
28.06.2019 00:00:00; 0,075
29.06.2019 00:00:00; 0,073
30.06.2019 00:00:00; 0,071
01.07.2019 00:00:00; 0,075
02.07.2019 00:00:00; 0,085
03.07.2019 00:00:00; 0,067
04.07.2019 00:00:00; 0,055
05.07.2019 00:00:00; 0,048
06.07.2019 00:00:00; 0,042
07.07.2019 00:00:00; 0,040
08.07.2019 00:00:00; 0,044
09.07.2019 00:00:00; 0,035
10.07.2019 00:00:00; 0,034
11.07.2019 00:00:00; 0,035
12.07.2019 00:00:00; 0,048
13.07.2019 00:00:00; 0,122
14.07.2019 00:00:00; 0,095
15.07.2019 00:00:00; 0,052
16.07.2019 00:00:00; 0,045
17.07.2019 00:00:00; 0,040
18.07.2019 00:00:00; 0,049
19.07.2019 00:00:00; 0,048
20.07.2019 00:00:00; 0,026
21.07.2019 00:00:00; 0,027
22.07.2019 00:00:00; 0,024
23.07.2019 00:00:00; 0,021
24.07.2019 00:00:00; 0,019
25.07.2019 00:00:00; 0,016
26.07.2019 00:00:00; 0,013
27.07.2019 00:00:00; 0,121
28.07.2019 00:00:00; 0,063
29.07.2019 00:00:00; 0,295
30.07.2019 00:00:00; 0,258
31.07.2019 00:00:00; 0,118
01.08.2019 00:00:00; 0,076
02.08.2019 00:00:00; 0,059
03.08.2019 00:00:00; 0,072
04.08.2019 00:00:00; 0,072
05.08.2019 00:00:00; 0,051
06.08.2019 00:00:00; 0,054
07.08.2019 00:00:00; 0,055
08.08.2019 00:00:00; 0,051
09.08.2019 00:00:00; 0,040
10.08.2019 00:00:00; 0,049
11.08.2019 00:00:00; 0,084
12.08.2019 00:00:00; 0,084
13.08.2019 00:00:00; 0,286
14.08.2019 00:00:00; 0,103
15.08.2019 00:00:00; 0,064
16.08.2019 00:00:00; 0,056
17.08.2019 00:00:00; 0,053
18.08.2019 00:00:00; 0,048
19.08.2019 00:00:00; 0,041
20.08.2019 00:00:00; 0,044
21.08.2019 00:00:00; 0,148
22.08.2019 00:00:00; 0,068
23.08.2019 00:00:00; 0,057
24.08.2019 00:00:00; 0,051
25.08.2019 00:00:00; 0,054
26.08.2019 00:00:00; 0,033
27.08.2019 00:00:00; 0,034
28.08.2019 00:00:00; 0,035
29.08.2019 00:00:00; 0,042
30.08.2019 00:00:00; 0,038
31.08.2019 00:00:00; 0,036
01.09.2019 00:00:00; 0,033
02.09.2019 00:00:00; 0,083
03.09.2019 00:00:00; 0,087
04.09.2019 00:00:00; 0,045
05.09.2019 00:00:00; 0,035
06.09.2019 00:00:00; 0,034
07.09.2019 00:00:00; 0,071
08.09.2019 00:00:00; 0,073
09.09.2019 00:00:00; 0,365
10.09.2019 00:00:00; 0,103
11.09.2019 00:00:00; 0,060
12.09.2019 00:00:00; 0,055
13.09.2019 00:00:00; 0,048
14.09.2019 00:00:00; 0,058
15.09.2019 00:00:00; 0,053
16.09.2019 00:00:00; 0,050
17.09.2019 00:00:00; 0,045
18.09.2019 00:00:00; 0,041
19.09.2019 00:00:00; 0,041
20.09.2019 00:00:00; 0,042
21.09.2019 00:00:00; 0,044
22.09.2019 00:00:00; 0,042
23.09.2019 00:00:00; 0,038
24.09.2019 00:00:00; 0,037
25.09.2019 00:00:00; 0,049
26.09.2019 00:00:00; 0,068
27.09.2019 00:00:00; 0,051
28.09.2019 00:00:00; 0,042
29.09.2019 00:00:00; 0,051
30.09.2019 00:00:00; 0,061
01.10.2019 00:00:00; 0,040
02.10.2019 00:00:00; 0,046
03.10.2019 00:00:00; 0,062
04.10.2019 00:00:00; 0,390
05.10.2019 00:00:00; 0,523
06.10.2019 00:00:00; 0,312
07.10.2019 00:00:00; 0,104
08.10.2019 00:00:00; 0,081
09.10.2019 00:00:00; 0,212
10.10.2019 00:00:00; 0,316
11.10.2019 00:00:00; 0,104
12.10.2019 00:00:00; 0,082
13.10.2019 00:00:00; 0,091
14.10.2019 00:00:00; 0,072
15.10.2019 00:00:00; 0,070
16.10.2019 00:00:00; 0,091
17.10.2019 00:00:00; 0,108
18.10.2019 00:00:00; 0,085
19.10.2019 00:00:00; 0,081
20.10.2019 00:00:00; 0,080
21.10.2019 00:00:00; 0,077
22.10.2019 00:00:00; 0,084
23.10.2019 00:00:00; 0,089
24.10.2019 00:00:00; 0,108
25.10.2019 00:00:00; 0,080
26.10.2019 00:00:00; 0,085
27.10.2019 00:00:00; 0,075
28.10.2019 00:00:00; 0,078
29.10.2019 00:00:00; 0,098
30.10.2019 00:00:00; 0,082
31.10.2019 00:00:00; 0,079
01.11.2019 00:00:00; 0,075
02.11.2019 00:00:00; 0,089
03.11.2019 00:00:00; 0,105
04.11.2019 00:00:00; 0,168
05.11.2019 00:00:00; 0,427
06.11.2019 00:00:00; 0,660
07.11.2019 00:00:00; 0,887
08.11.2019 00:00:00; 0,667
09.11.2019 00:00:00; 0,209
10.11.2019 00:00:00; 0,227
11.11.2019 00:00:00; 0,070
12.11.2019 00:00:00; 0,073
13.11.2019 00:00:00; 0,149
14.11.2019 00:00:00; 0,213
15.11.2019 00:00:00; 0,150
16.11.2019 00:00:00; 0,130
17.11.2019 00:00:00; 0,114
18.11.2019 00:00:00; 0,124
19.11.2019 00:00:00; 0,123
20.11.2019 00:00:00; 0,115
21.11.2019 00:00:00; 0,149
22.11.2019 00:00:00; 0,141
23.11.2019 00:00:00; 0,121
24.11.2019 00:00:00; 0,113
25.11.2019 00:00:00; 0,106
26.11.2019 00:00:00; 0,099
27.11.2019 00:00:00; 0,094
28.11.2019 00:00:00; 0,093
29.11.2019 00:00:00; 0,101
30.11.2019 00:00:00; 0,077
01.12.2019 00:00:00; 0,080
02.12.2019 00:00:00; 0,083
03.12.2019 00:00:00; 0,080
04.12.2019 00:00:00; 0,078
05.12.2019 00:00:00; 0,075
06.12.2019 00:00:00; 0,071
07.12.2019 00:00:00; 0,068
08.12.2019 00:00:00; 0,078
09.12.2019 00:00:00; 0,073
10.12.2019 00:00:00; 0,066
11.12.2019 00:00:00; 0,060
12.12.2019 00:00:00; 0,062
13.12.2019 00:00:00; 0,065
14.12.2019 00:00:00; 0,064
15.12.2019 00:00:00; 0,061
16.12.2019 00:00:00; 0,058
17.12.2019 00:00:00; 0,054
18.12.2019 00:00:00; 0,051
19.12.2019 00:00:00; 0,052
20.12.2019 00:00:00; 0,057
21.12.2019 00:00:00; 0,296
22.12.2019 00:00:00; 0,467
23.12.2019 00:00:00; 0,187
24.12.2019 00:00:00; 0,148
25.12.2019 00:00:00; 0,167
26.12.2019 00:00:00; 0,154
27.12.2019 00:00:00; 0,123
28.12.2019 00:00:00; 0,118
29.12.2019 00:00:00; 0,085
30.12.2019 00:00:00; 0,072
31.12.2019 00:00:00; 0,067
01.01.2020 00:00:00; 0,064
02.01.2020 00:00:00; 0,064
03.01.2020 00:00:00; 0,060
04.01.2020 00:00:00; 0,076
05.01.2020 00:00:00; 0,079
06.01.2020 00:00:00; 0,064
07.01.2020 00:00:00; 0,057
08.01.2020 00:00:00; 0,063
09.01.2020 00:00:00; 0,106
10.01.2020 00:00:00; 0,095
11.01.2020 00:00:00; 0,085
12.01.2020 00:00:00; 0,082
13.01.2020 00:00:00; 0,071
14.01.2020 00:00:00; 0,065
15.01.2020 00:00:00; 0,057
16.01.2020 00:00:00; 0,061
17.01.2020 00:00:00; 0,068
18.01.2020 00:00:00; 0,077
19.01.2020 00:00:00; 0,091
20.01.2020 00:00:00; 0,092
21.01.2020 00:00:00; 0,085
22.01.2020 00:00:00; 0,077
23.01.2020 00:00:00; 0,069
24.01.2020 00:00:00; 0,073
25.01.2020 00:00:00; 0,072
26.01.2020 00:00:00; 0,078
27.01.2020 00:00:00; 0,081
28.01.2020 00:00:00; 0,092
29.01.2020 00:00:00; 0,107
30.01.2020 00:00:00; 0,113
31.01.2020 00:00:00; 0,301
01.02.2020 00:00:00; 0,361
02.02.2020 00:00:00; 0,347
03.02.2020 00:00:00;  1,06
04.02.2020 00:00:00; 0,898
05.02.2020 00:00:00; 0,582
06.02.2020 00:00:00; 0,372
07.02.2020 00:00:00; 0,300
08.02.2020 00:00:00; 0,273
09.02.2020 00:00:00; 0,235
10.02.2020 00:00:00; 0,354
11.02.2020 00:00:00; 0,519
12.02.2020 00:00:00; 0,393
13.02.2020 00:00:00; 0,334
14.02.2020 00:00:00; 0,396
15.02.2020 00:00:00; 0,384
16.02.2020 00:00:00; 0,308
17.02.2020 00:00:00; 0,271
18.02.2020 00:00:00; 0,256
19.02.2020 00:00:00; 0,229
20.02.2020 00:00:00; 0,225
21.02.2020 00:00:00; 0,223
22.02.2020 00:00:00; 0,205
23.02.2020 00:00:00; 0,233
24.02.2020 00:00:00; 0,294
25.02.2020 00:00:00; 0,253
26.02.2020 00:00:00; 0,226
27.02.2020 00:00:00; 0,199
28.02.2020 00:00:00; 0,197
29.02.2020 00:00:00; 0,187
01.03.2020 00:00:00; 0,187
02.03.2020 00:00:00; 0,527
03.03.2020 00:00:00; 0,399
04.03.2020 00:00:00; 0,305
05.03.2020 00:00:00; 0,248
06.03.2020 00:00:00; 0,382
07.03.2020 00:00:00; 0,354
08.03.2020 00:00:00; 0,273
09.03.2020 00:00:00; 0,234
10.03.2020 00:00:00; 0,218
11.03.2020 00:00:00; 0,216
12.03.2020 00:00:00; 0,201
13.03.2020 00:00:00; 0,183
14.03.2020 00:00:00; 0,161
15.03.2020 00:00:00; 0,151
16.03.2020 00:00:00; 0,139
17.03.2020 00:00:00; 0,144
18.03.2020 00:00:00; 0,143
19.03.2020 00:00:00; 0,145
20.03.2020 00:00:00; 0,130
21.03.2020 00:00:00; 0,269
22.03.2020 00:00:00; 0,309
23.03.2020 00:00:00; 0,195
24.03.2020 00:00:00; 0,163
25.03.2020 00:00:00; 0,145
26.03.2020 00:00:00; 0,139
27.03.2020 00:00:00; 0,132
28.03.2020 00:00:00; 0,130
29.03.2020 00:00:00; 0,132
30.03.2020 00:00:00; 0,119
31.03.2020 00:00:00; 0,107
01.04.2020 00:00:00; 0,109
02.04.2020 00:00:00; 0,112
03.04.2020 00:00:00; 0,117
04.04.2020 00:00:00; 0,119
05.04.2020 00:00:00; 0,107
06.04.2020 00:00:00; 0,108
07.04.2020 00:00:00; 0,096
08.04.2020 00:00:00; 0,096
09.04.2020 00:00:00; 0,093
10.04.2020 00:00:00; 0,092
11.04.2020 00:00:00; 0,098
12.04.2020 00:00:00; 0,088
13.04.2020 00:00:00; 0,087
14.04.2020 00:00:00; 0,084
15.04.2020 00:00:00; 0,081
16.04.2020 00:00:00; 0,080
17.04.2020 00:00:00; 0,083
18.04.2020 00:00:00; 0,084
19.04.2020 00:00:00; 0,144
20.04.2020 00:00:00; 0,118
21.04.2020 00:00:00; 0,080
22.04.2020 00:00:00; 0,077
23.04.2020 00:00:00; 0,076
24.04.2020 00:00:00; 0,075
25.04.2020 00:00:00; 0,071
26.04.2020 00:00:00; 0,071
27.04.2020 00:00:00; 0,069
28.04.2020 00:00:00; 0,064
29.04.2020 00:00:00; 0,095
30.04.2020 00:00:00; 0,128
01.05.2020 00:00:00; 0,103
02.05.2020 00:00:00; 0,139
03.05.2020 00:00:00; 0,080
04.05.2020 00:00:00; 0,068
05.05.2020 00:00:00; 0,066
06.05.2020 00:00:00; 0,057
07.05.2020 00:00:00; 0,052
08.05.2020 00:00:00; 0,045
09.05.2020 00:00:00; 0,047
10.05.2020 00:00:00; 0,050
11.05.2020 00:00:00; 0,053
12.05.2020 00:00:00; 0,050
13.05.2020 00:00:00; 0,064
14.05.2020 00:00:00; 0,088
15.05.2020 00:00:00; 0,179
16.05.2020 00:00:00; 0,168
17.05.2020 00:00:00; 0,100
18.05.2020 00:00:00; 0,081
19.05.2020 00:00:00; 0,061
20.05.2020 00:00:00; 0,060
21.05.2020 00:00:00; 0,043
22.05.2020 00:00:00; 0,054
23.05.2020 00:00:00; 0,256
24.05.2020 00:00:00; 0,409
25.05.2020 00:00:00; 0,176
26.05.2020 00:00:00; 0,151
27.05.2020 00:00:00; 0,106
28.05.2020 00:00:00; 0,091
29.05.2020 00:00:00; 0,098
30.05.2020 00:00:00; 0,072
31.05.2020 00:00:00; 0,114
01.06.2020 00:00:00; 0,174
02.06.2020 00:00:00; 0,107
03.06.2020 00:00:00; 0,085
04.06.2020 00:00:00; 0,081
05.06.2020 00:00:00; 0,206
06.06.2020 00:00:00; 0,138
07.06.2020 00:00:00;  1,47
08.06.2020 00:00:00;  2,01
09.06.2020 00:00:00; 0,518
10.06.2020 00:00:00; 0,773
11.06.2020 00:00:00; 0,854
12.06.2020 00:00:00; 0,375
13.06.2020 00:00:00; 0,220
14.06.2020 00:00:00; 0,164
15.06.2020 00:00:00; 0,211
16.06.2020 00:00:00; 0,180
17.06.2020 00:00:00; 0,148
18.06.2020 00:00:00;  1,08
19.06.2020 00:00:00; 0,443
20.06.2020 00:00:00; 0,713
21.06.2020 00:00:00;  4,92
22.06.2020 00:00:00;  2,39
23.06.2020 00:00:00; 0,812
24.06.2020 00:00:00; 0,450
25.06.2020 00:00:00; 0,359
26.06.2020 00:00:00; 0,260
27.06.2020 00:00:00; 0,205
28.06.2020 00:00:00; 0,280
29.06.2020 00:00:00; 0,420
30.06.2020 00:00:00; 0,339
01.07.2020 00:00:00; 0,199
02.07.2020 00:00:00; 0,438
03.07.2020 00:00:00; 0,373
04.07.2020 00:00:00; 0,216
05.07.2020 00:00:00; 0,188
06.07.2020 00:00:00; 0,152
07.07.2020 00:00:00; 0,133
08.07.2020 00:00:00; 0,110
09.07.2020 00:00:00; 0,116
10.07.2020 00:00:00; 0,155
11.07.2020 00:00:00; 0,693
12.07.2020 00:00:00; 0,457
13.07.2020 00:00:00; 0,205
14.07.2020 00:00:00; 0,137
15.07.2020 00:00:00; 0,176
16.07.2020 00:00:00; 0,289
17.07.2020 00:00:00; 0,249
18.07.2020 00:00:00;  1,94
19.07.2020 00:00:00;  1,35
20.07.2020 00:00:00; 0,605
21.07.2020 00:00:00; 0,416
22.07.2020 00:00:00; 0,507
23.07.2020 00:00:00; 0,282
24.07.2020 00:00:00; 0,247
25.07.2020 00:00:00; 0,234
26.07.2020 00:00:00; 0,298
27.07.2020 00:00:00; 0,298
28.07.2020 00:00:00; 0,191
29.07.2020 00:00:00; 0,157
30.07.2020 00:00:00; 0,139
31.07.2020 00:00:00; 0,132
01.08.2020 00:00:00; 0,118
02.08.2020 00:00:00; 0,107
03.08.2020 00:00:00; 0,638
04.08.2020 00:00:00;  2,78
05.08.2020 00:00:00;  1,56
06.08.2020 00:00:00; 0,686
07.08.2020 00:00:00; 0,390
08.08.2020 00:00:00; 0,263
09.08.2020 00:00:00; 0,208
10.08.2020 00:00:00; 0,174
11.08.2020 00:00:00; 0,147
12.08.2020 00:00:00; 0,135
13.08.2020 00:00:00; 0,126
14.08.2020 00:00:00; 0,128
15.08.2020 00:00:00; 0,231
16.08.2020 00:00:00; 0,235
17.08.2020 00:00:00; 0,163
18.08.2020 00:00:00;  1,39
19.08.2020 00:00:00; 0,991
20.08.2020 00:00:00; 0,418
21.08.2020 00:00:00; 0,265
22.08.2020 00:00:00; 0,384
23.08.2020 00:00:00;  1,88
24.08.2020 00:00:00; 0,606
25.08.2020 00:00:00; 0,374
26.08.2020 00:00:00; 0,290
27.08.2020 00:00:00; 0,212
28.08.2020 00:00:00; 0,200
29.08.2020 00:00:00; 0,209
30.08.2020 00:00:00;  1,00
31.08.2020 00:00:00; 0,523
01.09.2020 00:00:00;  4,49
02.09.2020 00:00:00;  2,60
03.09.2020 00:00:00;  1,05
04.09.2020 00:00:00; 0,602
05.09.2020 00:00:00; 0,427
06.09.2020 00:00:00;  1,99
07.09.2020 00:00:00;  1,53
08.09.2020 00:00:00; 0,843
09.09.2020 00:00:00; 0,535
10.09.2020 00:00:00; 0,409
11.09.2020 00:00:00; 0,348
12.09.2020 00:00:00; 0,298
13.09.2020 00:00:00; 0,260
14.09.2020 00:00:00; 0,223
15.09.2020 00:00:00; 0,200
16.09.2020 00:00:00; 0,197
17.09.2020 00:00:00; 0,185
18.09.2020 00:00:00; 0,170
19.09.2020 00:00:00; 0,159
20.09.2020 00:00:00; 0,151
21.09.2020 00:00:00; 0,152
22.09.2020 00:00:00; 0,145
23.09.2020 00:00:00; 0,162
24.09.2020 00:00:00; 0,175
25.09.2020 00:00:00; 0,486
26.09.2020 00:00:00;  1,90
27.09.2020 00:00:00; 0,861
28.09.2020 00:00:00;  1,30
29.09.2020 00:00:00;  1,37
30.09.2020 00:00:00; 0,939
01.10.2020 00:00:00; 0,712
02.10.2020 00:00:00; 0,483
03.10.2020 00:00:00; 0,627
04.10.2020 00:00:00; 0,570
05.10.2020 00:00:00; 0,517
06.10.2020 00:00:00; 0,478
07.10.2020 00:00:00; 0,472
08.10.2020 00:00:00; 0,282
09.10.2020 00:00:00; 0,238
10.10.2020 00:00:00; 0,217
11.10.2020 00:00:00; 0,280
12.10.2020 00:00:00; 0,980
13.10.2020 00:00:00; 0,725
14.10.2020 00:00:00;  4,72
15.10.2020 00:00:00;  2,67
16.10.2020 00:00:00;  1,14
17.10.2020 00:00:00;  1,03
18.10.2020 00:00:00; 0,805
19.10.2020 00:00:00; 0,602
20.10.2020 00:00:00; 0,515
21.10.2020 00:00:00; 0,464
22.10.2020 00:00:00; 0,430
23.10.2020 00:00:00; 0,402
24.10.2020 00:00:00; 0,589
25.10.2020 00:00:00; 0,569
26.10.2020 00:00:00; 0,481
27.10.2020 00:00:00; 0,486
28.10.2020 00:00:00; 0,453
29.10.2020 00:00:00; 0,401
30.10.2020 00:00:00; 0,479
31.10.2020 00:00:00; 0,490
01.11.2020 00:00:00; 0,512
02.11.2020 00:00:00;  1,08
03.11.2020 00:00:00; 0,660
04.11.2020 00:00:00;  1,03
05.11.2020 00:00:00; 0,866
06.11.2020 00:00:00; 0,626
07.11.2020 00:00:00; 0,541
08.11.2020 00:00:00; 0,463
09.11.2020 00:00:00; 0,438
10.11.2020 00:00:00; 0,468
11.11.2020 00:00:00; 0,457
12.11.2020 00:00:00; 0,478
13.11.2020 00:00:00; 0,459
14.11.2020 00:00:00; 0,442
15.11.2020 00:00:00; 0,407
16.11.2020 00:00:00; 0,383
17.11.2020 00:00:00; 0,350
18.11.2020 00:00:00; 0,340
19.11.2020 00:00:00; 0,340
20.11.2020 00:00:00; 0,382
21.11.2020 00:00:00; 0,355
22.11.2020 00:00:00; 0,317
23.11.2020 00:00:00; 0,320
24.11.2020 00:00:00; 0,336
25.11.2020 00:00:00; 0,474
26.11.2020 00:00:00; 0,334
27.11.2020 00:00:00; 0,286
28.11.2020 00:00:00; 0,289
29.11.2020 00:00:00; 0,278
30.11.2020 00:00:00; 0,286
01.12.2020 00:00:00; 0,345
02.12.2020 00:00:00; 0,303
03.12.2020 00:00:00; 0,286
04.12.2020 00:00:00; 0,287
05.12.2020 00:00:00; 0,336
06.12.2020 00:00:00; 0,485
07.12.2020 00:00:00; 0,398
08.12.2020 00:00:00; 0,328
09.12.2020 00:00:00; 0,310
10.12.2020 00:00:00; 0,425
11.12.2020 00:00:00; 0,517
12.12.2020 00:00:00; 0,445
13.12.2020 00:00:00; 0,382
14.12.2020 00:00:00; 0,343
15.12.2020 00:00:00; 0,323
16.12.2020 00:00:00; 0,307
17.12.2020 00:00:00; 0,292
18.12.2020 00:00:00; 0,281
19.12.2020 00:00:00; 0,287
20.12.2020 00:00:00; 0,277
21.12.2020 00:00:00; 0,272
22.12.2020 00:00:00; 0,350
23.12.2020 00:00:00; 0,401
24.12.2020 00:00:00; 0,421
25.12.2020 00:00:00; 0,457
26.12.2020 00:00:00; 0,415
27.12.2020 00:00:00; 0,322
28.12.2020 00:00:00; 0,299
29.12.2020 00:00:00; 0,297
30.12.2020 00:00:00; 0,276
31.12.2020 00:00:00; 0,258
01.01.2021 00:00:00; 0,233
02.01.2021 00:00:00; 0,223
03.01.2021 00:00:00; 0,253
04.01.2021 00:00:00; 0,281
05.01.2021 00:00:00; 0,298
06.01.2021 00:00:00; 0,343
07.01.2021 00:00:00; 0,330
08.01.2021 00:00:00; 0,297
09.01.2021 00:00:00; 0,268
10.01.2021 00:00:00; 0,222
11.01.2021 00:00:00; 0,201
12.01.2021 00:00:00; 0,197
13.01.2021 00:00:00; 0,204
14.01.2021 00:00:00; 0,215
15.01.2021 00:00:00; 0,219
16.01.2021 00:00:00; 0,202
17.01.2021 00:00:00; 0,197
18.01.2021 00:00:00; 0,180
19.01.2021 00:00:00; 0,191
20.01.2021 00:00:00; 0,270
21.01.2021 00:00:00; 0,297
22.01.2021 00:00:00; 0,274
23.01.2021 00:00:00; 0,481
24.01.2021 00:00:00; 0,607
25.01.2021 00:00:00; 0,425
26.01.2021 00:00:00; 0,340
27.01.2021 00:00:00; 0,314
28.01.2021 00:00:00; 0,351
29.01.2021 00:00:00;  2,85
30.01.2021 00:00:00;  7,31
31.01.2021 00:00:00;  4,01
01.02.2021 00:00:00;  1,73
02.02.2021 00:00:00;  1,92
03.02.2021 00:00:00;  5,31
04.02.2021 00:00:00;  4,67
05.02.2021 00:00:00;  2,48
06.02.2021 00:00:00;  1,84
07.02.2021 00:00:00;  1,48
08.02.2021 00:00:00;  1,20
09.02.2021 00:00:00;  1,04
10.02.2021 00:00:00; 0,906
11.02.2021 00:00:00; 0,669
12.02.2021 00:00:00; 0,577
13.02.2021 00:00:00; 0,463
14.02.2021 00:00:00; 0,417
15.02.2021 00:00:00; 0,379
16.02.2021 00:00:00; 0,441
17.02.2021 00:00:00; 0,847
18.02.2021 00:00:00;  1,05
19.02.2021 00:00:00; 0,937
20.02.2021 00:00:00; 0,796
21.02.2021 00:00:00; 0,870
22.02.2021 00:00:00;  1,06
23.02.2021 00:00:00; 0,912
24.02.2021 00:00:00; 0,743
25.02.2021 00:00:00; 0,664
26.02.2021 00:00:00; 0,603
27.02.2021 00:00:00; 0,622
28.02.2021 00:00:00; 0,541
01.03.2021 00:00:00; 0,479
02.03.2021 00:00:00; 0,455
03.03.2021 00:00:00; 0,436
04.03.2021 00:00:00; 0,437
05.03.2021 00:00:00; 0,620
06.03.2021 00:00:00; 0,553
07.03.2021 00:00:00; 0,423
08.03.2021 00:00:00; 0,392
09.03.2021 00:00:00; 0,383
10.03.2021 00:00:00; 0,380
11.03.2021 00:00:00; 0,374
12.03.2021 00:00:00; 0,447
13.03.2021 00:00:00; 0,405
14.03.2021 00:00:00; 0,387
15.03.2021 00:00:00; 0,375
16.03.2021 00:00:00; 0,369
17.03.2021 00:00:00; 0,374
18.03.2021 00:00:00; 0,431
19.03.2021 00:00:00; 0,490
20.03.2021 00:00:00; 0,523
21.03.2021 00:00:00; 0,438
22.03.2021 00:00:00; 0,452
23.03.2021 00:00:00; 0,515
24.03.2021 00:00:00; 0,501
25.03.2021 00:00:00; 0,459
26.03.2021 00:00:00; 0,395
27.03.2021 00:00:00; 0,353
28.03.2021 00:00:00; 0,319
29.03.2021 00:00:00; 0,295
30.03.2021 00:00:00; 0,282
31.03.2021 00:00:00; 0,256
01.04.2021 00:00:00; 0,247
02.04.2021 00:00:00; 0,238
03.04.2021 00:00:00; 0,248
04.04.2021 00:00:00; 0,251
05.04.2021 00:00:00; 0,246
06.04.2021 00:00:00; 0,244
07.04.2021 00:00:00; 0,250
08.04.2021 00:00:00; 0,258
09.04.2021 00:00:00; 0,243
10.04.2021 00:00:00; 0,229
11.04.2021 00:00:00; 0,219
12.04.2021 00:00:00; 0,212
13.04.2021 00:00:00; 0,291
14.04.2021 00:00:00; 0,359
15.04.2021 00:00:00; 0,321
16.04.2021 00:00:00; 0,258
17.04.2021 00:00:00; 0,239
18.04.2021 00:00:00; 0,224
19.04.2021 00:00:00; 0,246
20.04.2021 00:00:00; 0,319
21.04.2021 00:00:00; 0,320
22.04.2021 00:00:00; 0,290
23.04.2021 00:00:00; 0,260
24.04.2021 00:00:00; 0,220
25.04.2021 00:00:00; 0,207
26.04.2021 00:00:00; 0,198
27.04.2021 00:00:00; 0,193
28.04.2021 00:00:00; 0,185
29.04.2021 00:00:00; 0,187
30.04.2021 00:00:00; 0,196
01.05.2021 00:00:00; 0,182
02.05.2021 00:00:00; 0,380
03.05.2021 00:00:00; 0,291
04.05.2021 00:00:00; 0,218
05.05.2021 00:00:00; 0,208
06.05.2021 00:00:00; 0,205
07.05.2021 00:00:00; 0,197
08.05.2021 00:00:00; 0,197
09.05.2021 00:00:00; 0,181
10.05.2021 00:00:00; 0,154
11.05.2021 00:00:00; 0,148
12.05.2021 00:00:00; 0,243
13.05.2021 00:00:00; 0,930
14.05.2021 00:00:00;  1,69
15.05.2021 00:00:00; 0,888
16.05.2021 00:00:00; 0,623
17.05.2021 00:00:00; 0,430
18.05.2021 00:00:00; 0,405
19.05.2021 00:00:00; 0,341
20.05.2021 00:00:00; 0,285
21.05.2021 00:00:00; 0,245
22.05.2021 00:00:00; 0,231
23.05.2021 00:00:00; 0,320
24.05.2021 00:00:00; 0,336
25.05.2021 00:00:00; 0,295
26.05.2021 00:00:00; 0,254
27.05.2021 00:00:00; 0,216
28.05.2021 00:00:00; 0,198
29.05.2021 00:00:00; 0,201
30.05.2021 00:00:00; 0,180
31.05.2021 00:00:00; 0,170
01.06.2021 00:00:00; 0,169
02.06.2021 00:00:00; 0,155
03.06.2021 00:00:00; 0,134
04.06.2021 00:00:00; 0,108
05.06.2021 00:00:00; 0,103
06.06.2021 00:00:00; 0,661
07.06.2021 00:00:00; 0,510
08.06.2021 00:00:00; 0,235
09.06.2021 00:00:00; 0,185
10.06.2021 00:00:00; 0,163
11.06.2021 00:00:00; 0,146
12.06.2021 00:00:00; 0,150
13.06.2021 00:00:00; 0,143
14.06.2021 00:00:00; 0,124
15.06.2021 00:00:00; 0,111
16.06.2021 00:00:00; 0,104
17.06.2021 00:00:00; 0,085
18.06.2021 00:00:00; 0,078
19.06.2021 00:00:00; 0,068
20.06.2021 00:00:00; 0,065
21.06.2021 00:00:00; 0,064
22.06.2021 00:00:00; 0,113
23.06.2021 00:00:00; 0,075
24.06.2021 00:00:00; 0,396
25.06.2021 00:00:00;  1,17
26.06.2021 00:00:00; 0,264
27.06.2021 00:00:00; 0,157
28.06.2021 00:00:00; 0,123
29.06.2021 00:00:00; 0,111
30.06.2021 00:00:00; 0,201
01.07.2021 00:00:00; 0,123
02.07.2021 00:00:00; 0,111
03.07.2021 00:00:00; 0,117
04.07.2021 00:00:00; 0,100
05.07.2021 00:00:00; 0,092
06.07.2021 00:00:00; 0,084
07.07.2021 00:00:00; 0,079
08.07.2021 00:00:00; 0,077
09.07.2021 00:00:00; 0,290
10.07.2021 00:00:00; 0,107
11.07.2021 00:00:00; 0,099
12.07.2021 00:00:00; 0,146
13.07.2021 00:00:00; 0,113
14.07.2021 00:00:00; 0,322
15.07.2021 00:00:00; 0,176
16.07.2021 00:00:00; 0,200
17.07.2021 00:00:00; 0,650
18.07.2021 00:00:00;  3,96
19.07.2021 00:00:00; 0,723
20.07.2021 00:00:00; 0,319
21.07.2021 00:00:00; 0,209
22.07.2021 00:00:00; 0,163
23.07.2021 00:00:00; 0,201
24.07.2021 00:00:00; 0,122
25.07.2021 00:00:00; 0,197
26.07.2021 00:00:00; 0,547
27.07.2021 00:00:00; 0,517
28.07.2021 00:00:00; 0,282
29.07.2021 00:00:00; 0,193
30.07.2021 00:00:00; 0,152
31.07.2021 00:00:00; 0,139
01.08.2021 00:00:00; 0,242
02.08.2021 00:00:00; 0,204
03.08.2021 00:00:00; 0,138
04.08.2021 00:00:00; 0,151
05.08.2021 00:00:00;  3,35
06.08.2021 00:00:00;  1,66
07.08.2021 00:00:00; 0,621
08.08.2021 00:00:00; 0,354
09.08.2021 00:00:00; 0,301
10.08.2021 00:00:00; 0,225
11.08.2021 00:00:00; 0,219
12.08.2021 00:00:00; 0,174
13.08.2021 00:00:00; 0,148
14.08.2021 00:00:00; 0,141
15.08.2021 00:00:00; 0,123
16.08.2021 00:00:00; 0,152
17.08.2021 00:00:00; 0,265
18.08.2021 00:00:00; 0,149
19.08.2021 00:00:00; 0,124
20.08.2021 00:00:00; 0,121
21.08.2021 00:00:00; 0,123
22.08.2021 00:00:00; 0,120
23.08.2021 00:00:00; 0,162
24.08.2021 00:00:00; 0,178
25.08.2021 00:00:00; 0,172
26.08.2021 00:00:00; 0,163
27.08.2021 00:00:00; 0,263
28.08.2021 00:00:00; 0,187
29.08.2021 00:00:00; 0,177
30.08.2021 00:00:00; 0,183
31.08.2021 00:00:00; 0,188
01.09.2021 00:00:00; 0,160
02.09.2021 00:00:00; 0,130
03.09.2021 00:00:00; 0,125
04.09.2021 00:00:00; 0,116
05.09.2021 00:00:00; 0,104
06.09.2021 00:00:00; 0,098
07.09.2021 00:00:00; 0,095
08.09.2021 00:00:00; 0,089
09.09.2021 00:00:00; 0,084
10.09.2021 00:00:00; 0,083
11.09.2021 00:00:00; 0,173
12.09.2021 00:00:00; 0,217
13.09.2021 00:00:00; 0,117
14.09.2021 00:00:00; 0,102
15.09.2021 00:00:00; 0,104
16.09.2021 00:00:00; 0,114
17.09.2021 00:00:00; 0,602
18.09.2021 00:00:00; 0,199
19.09.2021 00:00:00; 0,165
20.09.2021 00:00:00; 0,148
21.09.2021 00:00:00; 0,131
22.09.2021 00:00:00; 0,129
23.09.2021 00:00:00; 0,121
24.09.2021 00:00:00; 0,113
25.09.2021 00:00:00; 0,106
26.09.2021 00:00:00; 0,103
27.09.2021 00:00:00; 0,102
28.09.2021 00:00:00; 0,099
29.09.2021 00:00:00; 0,099
30.09.2021 00:00:00; 0,126
01.10.2021 00:00:00; 0,113
02.10.2021 00:00:00; 0,457
03.10.2021 00:00:00; 0,458
04.10.2021 00:00:00; 0,371
05.10.2021 00:00:00; 0,219
06.10.2021 00:00:00; 0,161
07.10.2021 00:00:00; 0,643
08.10.2021 00:00:00; 0,468
09.10.2021 00:00:00; 0,216
10.10.2021 00:00:00; 0,155
11.10.2021 00:00:00; 0,141
12.10.2021 00:00:00; 0,138
13.10.2021 00:00:00; 0,177
14.10.2021 00:00:00; 0,147
15.10.2021 00:00:00; 0,147
16.10.2021 00:00:00; 0,138
17.10.2021 00:00:00; 0,142
18.10.2021 00:00:00; 0,144
19.10.2021 00:00:00; 0,135
20.10.2021 00:00:00; 0,134
21.10.2021 00:00:00; 0,117
22.10.2021 00:00:00; 0,119
23.10.2021 00:00:00; 0,112
24.10.2021 00:00:00; 0,112
25.10.2021 00:00:00; 0,111
26.10.2021 00:00:00; 0,117
27.10.2021 00:00:00; 0,113
28.10.2021 00:00:00; 0,120
29.10.2021 00:00:00; 0,116
30.10.2021 00:00:00; 0,159
31.10.2021 00:00:00; 0,188
01.11.2021 00:00:00; 0,178
02.11.2021 00:00:00; 0,291
03.11.2021 00:00:00; 0,238
04.11.2021 00:00:00; 0,238
05.11.2021 00:00:00; 0,180
06.11.2021 00:00:00; 0,182
07.11.2021 00:00:00; 0,149
08.11.2021 00:00:00; 0,130
09.11.2021 00:00:00; 0,124
10.11.2021 00:00:00; 0,120
11.11.2021 00:00:00; 0,117
12.11.2021 00:00:00; 0,131
13.11.2021 00:00:00; 0,138
14.11.2021 00:00:00; 0,143
15.11.2021 00:00:00; 0,140
16.11.2021 00:00:00; 0,155
17.11.2021 00:00:00; 0,130
18.11.2021 00:00:00; 0,135
19.11.2021 00:00:00; 0,171
20.11.2021 00:00:00; 0,162
21.11.2021 00:00:00; 0,141
22.11.2021 00:00:00; 0,143
23.11.2021 00:00:00; 0,155
24.11.2021 00:00:00; 0,136
25.11.2021 00:00:00; 0,137
26.11.2021 00:00:00; 0,142
27.11.2021 00:00:00; 0,144
28.11.2021 00:00:00; 0,157
29.11.2021 00:00:00; 0,164
30.11.2021 00:00:00; 0,165
01.12.2021 00:00:00; 0,258
02.12.2021 00:00:00; 0,451
03.12.2021 00:00:00; 0,310
04.12.2021 00:00:00; 0,215
05.12.2021 00:00:00; 0,236
06.12.2021 00:00:00; 0,254
07.12.2021 00:00:00; 0,209
08.12.2021 00:00:00; 0,187
09.12.2021 00:00:00; 0,184
10.12.2021 00:00:00; 0,174
11.12.2021 00:00:00; 0,164
12.12.2021 00:00:00; 0,152
13.12.2021 00:00:00; 0,215
14.12.2021 00:00:00; 0,665
15.12.2021 00:00:00; 0,685
16.12.2021 00:00:00; 0,533
17.12.2021 00:00:00; 0,480
18.12.2021 00:00:00; 0,361
19.12.2021 00:00:00; 0,300
20.12.2021 00:00:00; 0,289
21.12.2021 00:00:00; 0,243
22.12.2021 00:00:00; 0,203
23.12.2021 00:00:00; 0,188
24.12.2021 00:00:00; 0,253
25.12.2021 00:00:00; 0,340
26.12.2021 00:00:00; 0,296
27.12.2021 00:00:00; 0,244
28.12.2021 00:00:00; 0,230
29.12.2021 00:00:00; 0,886
30.12.2021 00:00:00;  1,48
31.12.2021 00:00:00;  1,01
01.01.2022 00:00:00; Lücke
